,date,open,high,low,close,volume,average,barCount
0,2016-11-21,2186.43,2198.7,2186.43,2198.18,0,0.0,13753
1,2016-11-22,2201.56,2204.8,2194.51,2202.94,0,0.0,14416
2,2016-11-23,2198.55,2204.72,2194.51,2204.72,0,0.0,14308
3,2016-11-25,2206.27,2213.35,2206.27,2213.35,0,0.0,7471
4,2016-11-28,2210.21,2211.14,2200.36,2201.72,0,0.0,14063
5,2016-11-29,2200.76,2210.46,2198.15,2204.66,0,0.0,14001
6,2016-11-30,2204.97,2214.1,2198.81,2198.81,0,0.0,15712
7,2016-12-01,2200.17,2202.6,2187.44,2191.08,0,0.0,17220
8,2016-12-02,2191.12,2197.95,2188.37,2191.95,0,0.0,15086
9,2016-12-05,2200.65,2209.42,2199.97,2204.71,0,0.0,17766
10,2016-12-06,2207.26,2212.78,2202.21,2212.23,0,0.0,17504
11,2016-12-07,2210.72,2241.63,2208.93,2241.35,0,0.0,18325
12,2016-12-08,2241.13,2251.69,2237.57,2246.19,0,0.0,18541
13,2016-12-09,2249.73,2259.8,2249.23,2259.53,0,0.0,17819
14,2016-12-12,2258.83,2264.03,2252.37,2256.96,0,0.0,18209
15,2016-12-13,2263.32,2277.53,2263.32,2271.72,0,0.0,18373
16,2016-12-14,2268.35,2276.2,2248.44,2253.28,0,0.0,18971
17,2016-12-15,2253.77,2272.12,2253.77,2262.03,0,0.0,18578
18,2016-12-16,2266.81,2268.05,2254.24,2258.07,0,0.0,17677
19,2016-12-19,2259.24,2267.47,2258.21,2262.53,0,0.0,17445
20,2016-12-20,2266.5,2272.56,2266.14,2270.76,0,0.0,16854
21,2016-12-21,2270.54,2271.23,2265.15,2265.18,0,0.0,16155
22,2016-12-22,2262.93,2263.18,2256.08,2260.96,0,0.0,16265
23,2016-12-23,2260.25,2263.79,2258.84,2263.79,0,0.0,14986
24,2016-12-27,2266.23,2273.82,2266.15,2268.88,0,0.0,15052
25,2016-12-28,2270.23,2271.31,2249.11,2249.92,0,0.0,16318
26,2016-12-29,2249.5,2254.51,2244.56,2249.26,0,0.0,16571
27,2016-12-30,2251.61,2253.58,2233.62,2238.83,0,0.0,16931
28,2017-01-03,2251.57,2263.88,2245.13,2257.83,0,0.0,18171
29,2017-01-04,2261.6,2272.82,2261.6,2270.75,0,0.0,17088
30,2017-01-05,2268.18,2271.5,2260.45,2269.0,0,0.0,17461
31,2017-01-06,2271.14,2282.1,2264.06,2276.98,0,0.0,17119
32,2017-01-09,2273.59,2275.49,2268.9,2268.9,0,0.0,16903
33,2017-01-10,2269.72,2279.27,2265.27,2268.9,0,0.0,17203
34,2017-01-11,2268.6,2275.32,2260.83,2275.32,0,0.0,18342
35,2017-01-12,2271.14,2271.78,2254.25,2270.44,0,0.0,17793
36,2017-01-13,2272.74,2278.68,2271.51,2274.64,0,0.0,16913
37,2017-01-17,2269.14,2272.08,2262.81,2267.89,0,0.0,17505
38,2017-01-18,2269.14,2272.01,2263.35,2271.89,0,0.0,16914
39,2017-01-19,2271.9,2274.33,2258.41,2263.69,0,0.0,16973
40,2017-01-20,2269.96,2276.96,2265.01,2271.31,0,0.0,17724
41,2017-01-23,2267.78,2271.78,2257.02,2265.2,0,0.0,17239
42,2017-01-24,2267.88,2284.63,2266.68,2280.07,0,0.0,17109
43,2017-01-25,2288.88,2299.55,2288.88,2298.37,0,0.0,17172
44,2017-01-26,2298.63,2300.99,2294.08,2296.68,0,0.0,17522
45,2017-01-27,2299.02,2299.02,2291.62,2294.69,0,0.0,16905
46,2017-01-30,2286.01,2286.01,2268.04,2280.9,0,0.0,17375
47,2017-01-31,2274.02,2279.09,2267.21,2278.87,0,0.0,17379
48,2017-02-01,2285.59,2289.14,2272.44,2279.55,0,0.0,18314
49,2017-02-02,2276.69,2283.97,2271.65,2280.85,0,0.0,17607
50,2017-02-03,2288.54,2298.31,2287.88,2297.42,0,0.0,17227
51,2017-02-06,2294.28,2296.18,2288.57,2292.56,0,0.0,16538
52,2017-02-07,2295.87,2299.4,2290.16,2293.08,0,0.0,16689
53,2017-02-08,2289.55,2295.91,2285.38,2294.67,0,0.0,17004
54,2017-02-09,2296.7,2311.08,2296.61,2307.87,0,0.0,16722
55,2017-02-10,2312.27,2319.23,2311.1,2316.1,0,0.0,16471
56,2017-02-13,2321.72,2331.58,2321.42,2328.25,0,0.0,16458
57,2017-02-14,2326.12,2337.58,2322.17,2337.58,0,0.0,17099
58,2017-02-15,2335.58,2351.3,2334.81,2349.25,0,0.0,17119
59,2017-02-16,2349.64,2351.31,2338.87,2347.22,0,0.0,17328
60,2017-02-17,2343.01,2351.16,2339.58,2351.16,0,0.0,16445
61,2017-02-21,2354.91,2366.71,2354.91,2365.38,0,0.0,16757
62,2017-02-22,2361.11,2365.13,2358.34,2362.82,0,0.0,16687
63,2017-02-23,2367.5,2368.26,2355.09,2363.81,0,0.0,17233
64,2017-02-24,2355.73,2367.34,2352.87,2367.34,0,0.0,16902
65,2017-02-27,2365.23,2371.54,2361.87,2369.75,0,0.0,16522
66,2017-02-28,2366.08,2367.79,2358.96,2363.64,0,0.0,16928
67,2017-03-01,2380.13,2400.98,2380.13,2395.96,0,0.0,18001
68,2017-03-02,2394.75,2394.75,2380.17,2381.92,0,0.0,17338
69,2017-03-03,2380.92,2383.89,2375.39,2383.12,0,0.0,16889
70,2017-03-06,2375.23,2378.8,2367.98,2375.31,0,0.0,16321
71,2017-03-07,2370.74,2375.12,2365.51,2368.39,0,0.0,16585
72,2017-03-08,2369.81,2373.09,2361.01,2362.98,0,0.0,17259
73,2017-03-09,2363.49,2369.08,2354.54,2364.87,0,0.0,17194
74,2017-03-10,2372.52,2376.86,2363.04,2372.6,0,0.0,17154
75,2017-03-13,2371.56,2374.42,2368.52,2373.47,0,0.0,16214
76,2017-03-14,2368.55,2368.55,2358.18,2365.45,0,0.0,16903
77,2017-03-15,2370.34,2390.01,2368.94,2385.26,0,0.0,17413
78,2017-03-16,2387.71,2388.1,2377.18,2381.38,0,0.0,16986
79,2017-03-17,2383.71,2385.71,2377.64,2378.25,0,0.0,16479
80,2017-03-20,2378.24,2379.55,2369.66,2373.47,0,0.0,16517
81,2017-03-21,2379.32,2381.93,2341.9,2344.02,0,0.0,19407
82,2017-03-22,2343.0,2351.81,2336.45,2348.45,0,0.0,18267
83,2017-03-23,2345.97,2358.92,2342.13,2345.96,0,0.0,17764
84,2017-03-24,2350.42,2356.22,2335.74,2343.98,0,0.0,17723
85,2017-03-27,2329.11,2344.9,2322.25,2341.59,0,0.0,17701
86,2017-03-28,2339.79,2363.78,2337.63,2358.57,0,0.0,17608
87,2017-03-29,2356.54,2363.36,2352.94,2361.13,0,0.0,16492
88,2017-03-30,2361.31,2370.42,2358.58,2368.06,0,0.0,16619
89,2017-03-31,2364.82,2370.35,2362.6,2362.72,0,0.0,16349
90,2017-04-03,2362.34,2365.87,2344.73,2358.84,0,0.0,17799
91,2017-04-04,2354.76,2360.53,2350.72,2360.16,0,0.0,16830
92,2017-04-05,2366.59,2378.36,2350.52,2352.95,0,0.0,17811
93,2017-04-06,2353.79,2364.16,2348.9,2357.49,0,0.0,17630
94,2017-04-07,2356.59,2363.76,2350.74,2355.54,0,0.0,16784
95,2017-04-10,2357.16,2366.37,2351.5,2357.16,0,0.0,16949
96,2017-04-11,2353.92,2355.22,2337.25,2353.78,0,0.0,18223
97,2017-04-12,2352.15,2352.72,2341.18,2344.93,0,0.0,17758
98,2017-04-13,2341.98,2348.26,2328.95,2328.95,0,0.0,17434
99,2017-04-17,2332.62,2349.14,2332.51,2349.01,0,0.0,16130
100,2017-04-18,2342.53,2348.35,2334.54,2342.19,0,0.0,17418
101,2017-04-19,2346.79,2352.63,2335.05,2338.17,0,0.0,17038
102,2017-04-20,2342.69,2361.37,2340.91,2355.84,0,0.0,17351
103,2017-04-21,2354.74,2356.18,2344.51,2348.69,0,0.0,17139
104,2017-04-24,2370.33,2376.98,2369.19,2374.15,0,0.0,17003
105,2017-04-25,2381.51,2392.48,2381.15,2388.61,0,0.0,17139
106,2017-04-26,2388.98,2398.16,2386.76,2387.45,0,0.0,17657
107,2017-04-27,2389.7,2392.1,2382.68,2388.77,0,0.0,17212
108,2017-04-28,2393.68,2393.68,2382.36,2384.2,0,0.0,17152
109,2017-05-01,2388.5,2394.49,2384.83,2388.33,0,0.0,16981
110,2017-05-02,2391.05,2392.93,2385.82,2391.17,0,0.0,17000
111,2017-05-03,2386.5,2389.82,2379.75,2388.13,0,0.0,17330
112,2017-05-04,2389.79,2391.43,2380.35,2389.52,0,0.0,17301
113,2017-05-05,2392.37,2399.29,2389.38,2399.29,0,0.0,16392
114,2017-05-08,2399.94,2401.36,2393.92,2399.38,0,0.0,16524
115,2017-05-09,2401.58,2403.87,2392.44,2396.92,0,0.0,16665
116,2017-05-10,2396.79,2399.74,2392.79,2399.63,0,0.0,16603
117,2017-05-11,2394.84,2395.72,2381.74,2394.44,0,0.0,16867
118,2017-05-12,2392.44,2392.44,2387.19,2390.9,0,0.0,16347
119,2017-05-15,2393.98,2404.05,2393.94,2402.32,0,0.0,16207
120,2017-05-16,2404.55,2405.77,2396.05,2400.67,0,0.0,16626
121,2017-05-17,2382.95,2384.87,2356.21,2357.03,0,0.0,18968
122,2017-05-18,2354.69,2375.74,2352.72,2365.72,0,0.0,18988
123,2017-05-19,2371.37,2389.06,2370.43,2381.73,0,0.0,17067
124,2017-05-22,2387.21,2395.46,2386.92,2394.02,0,0.0,16451
125,2017-05-23,2397.04,2400.85,2393.88,2398.42,0,0.0,16651
126,2017-05-24,2401.41,2405.58,2397.99,2404.39,0,0.0,16338
127,2017-05-25,2409.54,2418.71,2408.01,2415.07,0,0.0,16868
128,2017-05-26,2414.5,2416.68,2412.2,2415.82,0,0.0,15923
129,2017-05-30,2411.67,2415.26,2409.43,2412.91,0,0.0,16095
130,2017-05-31,2415.63,2415.99,2403.59,2411.8,0,0.0,17557
131,2017-06-01,2415.65,2430.06,2413.54,2430.06,0,0.0,17165
132,2017-06-02,2431.28,2440.23,2427.71,2439.07,0,0.0,17096
133,2017-06-05,2437.83,2439.55,2434.32,2436.1,0,0.0,16450
134,2017-06-06,2431.92,2436.21,2428.12,2429.33,0,0.0,16610
135,2017-06-07,2432.03,2435.28,2424.75,2433.14,0,0.0,17004
136,2017-06-08,2434.27,2439.27,2427.94,2433.79,0,0.0,17412
137,2017-06-09,2436.39,2446.2,2415.7,2431.77,0,0.0,19673
138,2017-06-12,2425.88,2430.38,2419.97,2429.39,0,0.0,19520
139,2017-06-13,2434.15,2441.49,2431.28,2440.35,0,0.0,18090
140,2017-06-14,2443.75,2443.75,2428.34,2437.92,0,0.0,18664
141,2017-06-15,2424.14,2433.95,2418.53,2432.46,0,0.0,18183
142,2017-06-16,2431.24,2433.15,2422.88,2433.15,0,0.0,17759
143,2017-06-19,2442.55,2453.82,2441.79,2453.46,0,0.0,17165
144,2017-06-20,2450.66,2450.66,2436.6,2437.03,0,0.0,17307
145,2017-06-21,2439.31,2442.23,2430.74,2435.61,0,0.0,17895
146,2017-06-22,2437.4,2441.62,2433.27,2434.5,0,0.0,17175
147,2017-06-23,2434.65,2441.4,2431.11,2438.3,0,0.0,17093
148,2017-06-26,2443.32,2450.42,2437.03,2439.07,0,0.0,17712
149,2017-06-27,2436.34,2440.15,2419.38,2419.38,0,0.0,18437
150,2017-06-28,2428.7,2442.97,2428.02,2440.69,0,0.0,17592
151,2017-06-29,2442.38,2442.73,2405.7,2419.7,0,0.0,19779
152,2017-06-30,2429.2,2432.71,2421.65,2423.41,0,0.0,17428
153,2017-07-03,2431.39,2439.17,2428.86,2429.01,0,0.0,10208
154,2017-07-05,2430.78,2434.9,2422.05,2432.54,0,0.0,17917
155,2017-07-06,2423.44,2424.28,2407.7,2409.75,0,0.0,18192
156,2017-07-07,2413.52,2426.92,2413.52,2425.18,0,0.0,16881
157,2017-07-10,2424.51,2432.0,2422.27,2427.43,0,0.0,16803
158,2017-07-11,2427.35,2429.3,2412.79,2425.53,0,0.0,17334
159,2017-07-12,2435.75,2445.76,2435.75,2443.25,0,0.0,17011
160,2017-07-13,2444.99,2449.32,2441.69,2447.83,0,0.0,17178
161,2017-07-14,2449.16,2463.54,2446.69,2459.27,0,0.0,16397
162,2017-07-17,2459.5,2462.82,2457.16,2459.14,0,0.0,16692
163,2017-07-18,2455.88,2460.92,2450.34,2460.61,0,0.0,17154
164,2017-07-19,2463.85,2473.83,2463.85,2473.83,0,0.0,16925
165,2017-07-20,2475.56,2477.62,2468.43,2473.45,0,0.0,17415
166,2017-07-21,2467.4,2472.54,2465.06,2472.54,0,0.0,17004
167,2017-07-24,2472.04,2473.1,2466.32,2469.91,0,0.0,16311
168,2017-07-25,2477.88,2481.24,2474.91,2477.13,0,0.0,17216
169,2017-07-26,2479.97,2481.69,2474.94,2477.83,0,0.0,17340
170,2017-07-27,2482.76,2484.04,2459.93,2475.42,0,0.0,19511
171,2017-07-28,2469.12,2473.53,2464.66,2472.1,0,0.0,18121
172,2017-07-31,2475.94,2477.96,2468.53,2470.3,0,0.0,17437
173,2017-08-01,2477.1,2478.51,2471.14,2476.35,0,0.0,17037
174,2017-08-02,2480.38,2480.38,2466.48,2477.57,0,0.0,18134
175,2017-08-03,2476.03,2476.03,2468.85,2472.16,0,0.0,17320
176,2017-08-04,2476.88,2480.0,2472.08,2476.83,0,0.0,17163
177,2017-08-07,2477.14,2480.95,2475.88,2480.91,0,0.0,16093
178,2017-08-08,2478.35,2490.87,2470.32,2474.92,0,0.0,17273
179,2017-08-09,2465.35,2474.41,2462.08,2474.02,0,0.0,17733
180,2017-08-10,2465.38,2465.38,2437.75,2438.21,0,0.0,18922
181,2017-08-11,2441.04,2448.09,2437.85,2441.32,0,0.0,17728
182,2017-08-14,2454.96,2468.22,2454.96,2465.84,0,0.0,16710
183,2017-08-15,2468.66,2468.9,2461.61,2464.61,0,0.0,16927
184,2017-08-16,2468.63,2474.93,2463.86,2468.11,0,0.0,17529
185,2017-08-17,2462.95,2465.02,2430.01,2430.01,0,0.0,18758
186,2017-08-18,2427.64,2440.27,2420.69,2425.55,0,0.0,18364
187,2017-08-21,2425.5,2430.58,2417.35,2428.37,0,0.0,17212
188,2017-08-22,2433.75,2454.77,2433.67,2452.51,0,0.0,16557
189,2017-08-23,2444.88,2448.91,2441.42,2444.04,0,0.0,16745
190,2017-08-24,2447.91,2450.39,2436.19,2438.97,0,0.0,17610
191,2017-08-25,2444.72,2453.96,2442.22,2443.05,0,0.0,16663
192,2017-08-28,2447.35,2449.12,2439.03,2444.24,0,0.0,16270
193,2017-08-29,2431.94,2449.19,2428.2,2446.3,0,0.0,16703
194,2017-08-30,2446.06,2460.31,2443.77,2457.59,0,0.0,16806
195,2017-08-31,2462.65,2475.01,2462.65,2471.65,0,0.0,16887
196,2017-09-01,2474.42,2480.38,2473.85,2476.55,0,0.0,16494
197,2017-09-05,2470.35,2471.97,2446.55,2457.85,0,0.0,18797
198,2017-09-06,2463.83,2469.64,2459.2,2465.54,0,0.0,17407
199,2017-09-07,2468.06,2468.62,2460.29,2465.1,0,0.0,18039
200,2017-09-08,2462.25,2467.11,2459.4,2461.43,0,0.0,17464
201,2017-09-11,2474.52,2488.95,2474.52,2488.11,0,0.0,16909
202,2017-09-12,2491.94,2496.48,2490.37,2496.48,0,0.0,18363
203,2017-09-13,2493.89,2498.37,2492.14,2498.37,0,0.0,17014
204,2017-09-14,2494.56,2498.43,2491.35,2495.62,0,0.0,16831
205,2017-09-15,2495.67,2500.23,2493.16,2500.23,0,0.0,16966
206,2017-09-18,2502.51,2508.32,2499.92,2503.87,0,0.0,17116
207,2017-09-19,2506.29,2507.84,2503.19,2506.65,0,0.0,17073
208,2017-09-20,2506.84,2508.85,2496.67,2508.24,0,0.0,18206
209,2017-09-21,2507.16,2507.16,2499.0,2500.6,0,0.0,17130
210,2017-09-22,2497.26,2503.47,2496.54,2502.22,0,0.0,17005
211,2017-09-25,2499.39,2502.54,2488.03,2496.66,0,0.0,18135
212,2017-09-26,2501.04,2503.51,2495.12,2496.84,0,0.0,17571
213,2017-09-27,2503.3,2511.75,2495.91,2507.04,0,0.0,17452
214,2017-09-28,2503.41,2510.81,2502.93,2510.06,0,0.0,16986
215,2017-09-29,2509.96,2519.44,2507.99,2519.36,0,0.0,16567
216,2017-10-02,2521.2,2529.2,2520.4,2529.12,0,0.0,17256
217,2017-10-03,2530.34,2535.13,2528.85,2534.58,0,0.0,16301
218,2017-10-04,2533.48,2540.53,2531.8,2537.74,0,0.0,16608
219,2017-10-05,2540.86,2552.51,2540.02,2552.07,0,0.0,17043
220,2017-10-06,2547.44,2549.41,2543.79,2549.33,0,0.0,16680
221,2017-10-09,2551.39,2551.82,2541.6,2544.73,0,0.0,16561
222,2017-10-10,2549.99,2555.23,2544.86,2550.64,0,0.0,17176
223,2017-10-11,2550.62,2555.24,2547.95,2555.24,0,0.0,16667
224,2017-10-12,2552.88,2555.33,2548.31,2550.93,0,0.0,16969
225,2017-10-13,2555.66,2557.65,2552.09,2553.17,0,0.0,16876
226,2017-10-16,2555.57,2559.47,2552.64,2557.64,0,0.0,16829
227,2017-10-17,2557.17,2559.71,2554.69,2559.36,0,0.0,16686
228,2017-10-18,2562.87,2564.11,2559.67,2561.26,0,0.0,16700
229,2017-10-19,2553.39,2562.14,2547.92,2562.1,0,0.0,17200
230,2017-10-20,2567.56,2575.44,2567.56,2575.21,0,0.0,17041
231,2017-10-23,2578.08,2578.29,2564.33,2564.98,0,0.0,17382
232,2017-10-24,2568.66,2572.18,2565.58,2569.13,0,0.0,17315
233,2017-10-25,2566.52,2567.4,2544.0,2557.15,0,0.0,18669
234,2017-10-26,2560.08,2567.07,2559.8,2560.4,0,0.0,18235
235,2017-10-27,2570.26,2582.98,2565.94,2581.07,0,0.0,19102
236,2017-10-30,2577.75,2580.03,2568.25,2572.83,0,0.0,18547
237,2017-10-31,2575.99,2578.29,2572.15,2575.26,0,0.0,17728
238,2017-11-01,2583.21,2588.4,2574.92,2579.36,0,0.0,18545
239,2017-11-02,2579.46,2581.11,2566.17,2579.85,0,0.0,18871
240,2017-11-03,2581.93,2588.42,2576.77,2587.84,0,0.0,18361
241,2017-11-06,2587.47,2593.38,2585.66,2591.13,0,0.0,17623
242,2017-11-07,2592.11,2597.02,2584.35,2590.64,0,0.0,17873
243,2017-11-08,2588.71,2595.47,2585.02,2594.38,0,0.0,17566
244,2017-11-09,2584.0,2586.5,2566.33,2584.62,0,0.0,19092
245,2017-11-10,2580.18,2583.81,2575.57,2582.3,0,0.0,17287
246,2017-11-13,2576.53,2587.66,2574.48,2584.84,0,0.0,17179
247,2017-11-14,2577.75,2579.66,2566.56,2578.87,0,0.0,18129
248,2017-11-15,2569.45,2572.84,2557.45,2564.62,0,0.0,17944
249,2017-11-16,2572.95,2590.09,2572.95,2585.64,0,0.0,17444
250,2017-11-17,2582.94,2583.96,2577.62,2578.85,0,0.0,17004
251,2017-11-20,2579.49,2584.64,2578.24,2582.14,0,0.0,16755
252,2017-11-21,2589.17,2601.19,2589.17,2599.03,0,0.0,17027
253,2017-11-22,2600.31,2600.94,2595.23,2597.08,0,0.0,16590
254,2017-11-24,2600.42,2604.21,2600.42,2602.42,0,0.0,8937
255,2017-11-27,2602.66,2606.41,2598.87,2601.42,0,0.0,16940
256,2017-11-28,2605.94,2627.69,2605.44,2627.04,0,0.0,18127
257,2017-11-29,2627.82,2634.89,2620.32,2626.07,0,0.0,20145
258,2017-11-30,2633.93,2657.74,2633.93,2647.58,0,0.0,19429
259,2017-12-01,2645.1,2650.62,2605.52,2642.22,0,0.0,20310
260,2017-12-04,2657.19,2665.19,2639.07,2639.44,0,0.0,20020
261,2017-12-05,2639.78,2648.72,2627.73,2629.57,0,0.0,19470
262,2017-12-06,2626.24,2634.41,2624.75,2629.27,0,0.0,18694
263,2017-12-07,2628.38,2640.99,2626.53,2636.98,0,0.0,18184
264,2017-12-08,2646.21,2651.65,2644.1,2651.5,0,0.0,17428
265,2017-12-11,2652.19,2660.33,2651.47,2659.99,0,0.0,17529
266,2017-12-12,2661.73,2669.72,2659.78,2664.11,0,0.0,18024
267,2017-12-13,2667.59,2671.88,2662.85,2662.85,0,0.0,18461
268,2017-12-14,2665.87,2668.09,2652.01,2652.01,0,0.0,18546
269,2017-12-15,2660.63,2679.63,2659.14,2675.81,0,0.0,18215
270,2017-12-18,2685.92,2694.97,2685.92,2690.16,0,0.0,17797
271,2017-12-19,2692.71,2694.44,2680.74,2681.47,0,0.0,18072
272,2017-12-20,2688.18,2691.01,2676.11,2679.25,0,0.0,17670
273,2017-12-21,2683.02,2692.64,2682.4,2684.57,0,0.0,17408
274,2017-12-22,2684.22,2685.35,2678.13,2683.34,0,0.0,16734
275,2017-12-26,2679.09,2682.74,2677.96,2680.5,0,0.0,16408
276,2017-12-27,2682.1,2685.64,2678.91,2682.62,0,0.0,16375
277,2017-12-28,2686.1,2687.66,2682.69,2687.54,0,0.0,15700
278,2017-12-29,2689.15,2692.12,2673.61,2673.61,0,0.0,16191
279,2018-01-02,2683.73,2695.89,2682.36,2695.81,0,0.0,17455
280,2018-01-03,2697.85,2714.37,2697.77,2713.06,0,0.0,18000
281,2018-01-04,2719.31,2729.29,2719.07,2723.99,0,0.0,17721
282,2018-01-05,2731.33,2743.45,2727.92,2743.15,0,0.0,17363
283,2018-01-08,2742.67,2748.51,2737.6,2747.71,0,0.0,17347
284,2018-01-09,2751.15,2759.14,2747.86,2751.29,0,0.0,17757
285,2018-01-10,2745.55,2750.8,2736.06,2748.23,0,0.0,17971
286,2018-01-11,2752.97,2767.56,2752.78,2767.56,0,0.0,17355
287,2018-01-12,2770.18,2787.85,2769.64,2786.24,0,0.0,18114
288,2018-01-16,2798.96,2807.54,2768.64,2776.42,0,0.0,19858
289,2018-01-17,2784.99,2807.04,2778.38,2802.56,0,0.0,19235
290,2018-01-18,2802.4,2805.83,2792.56,2798.03,0,0.0,18823
291,2018-01-19,2802.6,2810.3,2798.08,2810.3,0,0.0,18300
292,2018-01-22,2809.16,2832.97,2808.12,2832.97,0,0.0,18047
293,2018-01-23,2835.05,2842.24,2830.59,2839.13,0,0.0,18800
294,2018-01-24,2845.42,2852.97,2824.81,2837.54,0,0.0,20144
295,2018-01-25,2846.24,2848.56,2830.94,2839.25,0,0.0,19603
296,2018-01-26,2847.48,2872.87,2846.18,2872.87,0,0.0,18693
297,2018-01-29,2867.23,2870.62,2851.48,2853.53,0,0.0,19168
298,2018-01-30,2832.74,2837.75,2818.27,2822.43,0,0.0,20132
299,2018-01-31,2832.41,2839.26,2813.04,2823.81,0,0.0,19853
300,2018-02-01,2816.45,2835.96,2812.7,2821.98,0,0.0,20260
301,2018-02-02,2808.92,2808.92,2759.97,2762.13,0,0.0,20957
302,2018-02-05,2741.06,2763.39,2638.17,2648.94,0,0.0,21780
303,2018-02-06,2614.78,2701.04,2593.07,2695.14,0,0.0,22604
304,2018-02-07,2690.95,2727.67,2681.33,2681.66,0,0.0,21627
305,2018-02-08,2685.01,2685.27,2580.56,2581.0,0,0.0,22211
306,2018-02-09,2601.78,2638.67,2532.69,2619.55,0,0.0,22553
307,2018-02-12,2636.75,2672.61,2622.45,2656.0,0,0.0,21279
308,2018-02-13,2646.27,2668.84,2637.08,2662.94,0,0.0,20122
309,2018-02-14,2651.21,2702.1,2648.87,2698.63,0,0.0,20551
310,2018-02-15,2713.46,2731.25,2689.82,2731.2,0,0.0,20189
311,2018-02-16,2727.14,2754.42,2725.11,2732.22,0,0.0,20440
312,2018-02-20,2722.99,2737.6,2706.76,2716.26,0,0.0,20152
313,2018-02-21,2720.53,2747.75,2701.29,2701.33,0,0.0,20144
314,2018-02-22,2710.42,2731.26,2697.77,2703.96,0,0.0,20346
315,2018-02-23,2715.8,2747.47,2713.74,2747.3,0,0.0,19167
316,2018-02-26,2757.37,2780.64,2753.78,2779.6,0,0.0,19386
317,2018-02-27,2780.45,2789.15,2744.28,2744.28,0,0.0,20637
318,2018-02-28,2753.78,2761.52,2713.83,2713.83,0,0.0,20402
319,2018-03-01,2715.22,2730.89,2659.65,2677.67,0,0.0,21873
320,2018-03-02,2658.89,2696.25,2647.32,2691.25,0,0.0,21296
321,2018-03-05,2681.06,2728.09,2675.75,2720.94,0,0.0,20467
322,2018-03-06,2730.18,2732.08,2711.26,2728.12,0,0.0,20002
323,2018-03-07,2710.18,2730.6,2701.74,2726.8,0,0.0,19934
324,2018-03-08,2732.75,2740.45,2722.65,2738.97,0,0.0,19520
325,2018-03-09,2752.91,2786.57,2751.54,2786.57,0,0.0,18917
326,2018-03-12,2790.54,2796.98,2779.26,2783.02,0,0.0,19259
327,2018-03-13,2792.31,2801.9,2758.68,2765.31,0,0.0,20340
328,2018-03-14,2774.06,2777.11,2744.38,2749.48,0,0.0,20277
329,2018-03-15,2754.27,2763.03,2741.47,2747.33,0,0.0,19237
330,2018-03-16,2750.57,2761.85,2749.97,2752.01,0,0.0,18614
331,2018-03-19,2741.38,2741.38,2694.59,2712.92,0,0.0,20531
332,2018-03-20,2715.05,2724.22,2710.05,2716.94,0,0.0,19560
333,2018-03-21,2714.99,2739.14,2709.79,2711.93,0,0.0,19659
334,2018-03-22,2691.36,2695.68,2641.59,2643.69,0,0.0,21074
335,2018-03-23,2646.71,2657.67,2585.89,2588.26,0,0.0,21409
336,2018-03-26,2619.35,2661.36,2601.81,2658.55,0,0.0,20900
337,2018-03-27,2667.57,2674.78,2596.12,2612.62,0,0.0,21305
338,2018-03-28,2611.3,2632.65,2593.06,2605.0,0,0.0,21977
339,2018-03-29,2614.41,2659.07,2609.72,2640.87,0,0.0,20850
340,2018-04-02,2633.45,2638.3,2553.8,2581.88,0,0.0,21637
341,2018-04-03,2592.17,2619.14,2575.49,2614.45,0,0.0,21182
342,2018-04-04,2584.04,2649.86,2573.61,2644.69,0,0.0,20957
343,2018-04-05,2657.36,2672.08,2649.58,2662.84,0,0.0,20139
344,2018-04-06,2645.82,2656.88,2586.27,2604.47,0,0.0,21263
345,2018-04-09,2617.18,2653.55,2610.79,2613.16,0,0.0,19994
346,2018-04-10,2638.41,2665.45,2635.78,2656.87,0,0.0,20598
347,2018-04-11,2643.89,2661.43,2639.25,2642.19,0,0.0,20105
348,2018-04-12,2653.83,2674.72,2653.83,2663.99,0,0.0,19573
349,2018-04-13,2676.9,2680.26,2645.05,2656.3,0,0.0,19757
350,2018-04-16,2670.1,2686.49,2665.16,2677.84,0,0.0,19399
351,2018-04-17,2692.74,2713.34,2692.05,2706.39,0,0.0,19057
352,2018-04-18,2710.11,2717.49,2703.63,2708.64,0,0.0,18954
353,2018-04-19,2701.16,2702.84,2681.9,2693.13,0,0.0,19886
354,2018-04-20,2692.56,2693.94,2660.61,2670.14,0,0.0,19804
355,2018-04-23,2675.4,2682.86,2657.99,2670.29,0,0.0,19481
356,2018-04-24,2680.8,2683.55,2617.32,2634.56,0,0.0,21273
357,2018-04-25,2634.92,2645.3,2612.67,2639.4,0,0.0,20535
358,2018-04-26,2651.65,2676.48,2647.16,2666.94,0,0.0,19851
359,2018-04-27,2675.47,2677.35,2659.01,2669.91,0,0.0,19716
360,2018-04-30,2675.05,2682.92,2648.05,2648.05,0,0.0,19828
361,2018-05-01,2643.64,2655.27,2625.41,2654.8,0,0.0,19758
362,2018-05-02,2654.24,2660.87,2631.7,2635.67,0,0.0,19853
363,2018-05-03,2628.08,2637.14,2594.62,2629.73,0,0.0,20826
364,2018-05-04,2621.45,2670.93,2615.32,2663.42,0,0.0,19277
365,2018-05-07,2669.36,2683.35,2664.7,2672.63,0,0.0,19202
366,2018-05-08,2670.26,2676.34,2655.2,2671.92,0,0.0,19754
367,2018-05-09,2678.12,2701.27,2674.14,2697.79,0,0.0,19054
368,2018-05-10,2705.02,2726.11,2704.54,2723.07,0,0.0,18737
369,2018-05-11,2722.7,2732.86,2717.45,2727.72,0,0.0,18576
370,2018-05-14,2733.37,2742.1,2725.47,2730.13,0,0.0,18239
371,2018-05-15,2718.59,2718.59,2701.91,2711.45,0,0.0,19194
372,2018-05-16,2712.62,2727.76,2712.17,2722.46,0,0.0,18217
373,2018-05-17,2719.71,2731.96,2711.36,2720.13,0,0.0,18414
374,2018-05-18,2717.35,2719.5,2709.18,2712.97,0,0.0,17927
375,2018-05-21,2725.95,2739.19,2725.7,2733.01,0,0.0,18024
376,2018-05-22,2738.34,2742.24,2721.88,2724.44,0,0.0,18106
377,2018-05-23,2713.98,2733.33,2709.54,2733.29,0,0.0,18836
378,2018-05-24,2730.94,2731.97,2707.38,2727.76,0,0.0,18806
379,2018-05-25,2723.6,2727.36,2714.99,2721.33,0,0.0,17903
380,2018-05-29,2705.11,2710.67,2676.81,2689.86,0,0.0,19915
381,2018-05-30,2702.43,2729.34,2702.43,2724.01,0,0.0,18637
382,2018-05-31,2720.98,2722.5,2700.68,2705.27,0,0.0,19370
383,2018-06-01,2718.7,2736.93,2718.7,2734.62,0,0.0,18365
384,2018-06-04,2741.67,2749.16,2740.54,2746.87,0,0.0,18375
385,2018-06-05,2748.46,2752.61,2739.51,2748.8,0,0.0,18113
386,2018-06-06,2753.25,2772.35,2748.46,2772.35,0,0.0,18264
387,2018-06-07,2774.84,2779.9,2760.16,2770.37,0,0.0,19215
388,2018-06-08,2765.84,2779.39,2763.59,2779.03,0,0.0,18121
389,2018-06-11,2780.18,2790.21,2780.17,2782.0,0,0.0,17630
390,2018-06-12,2785.6,2789.8,2778.78,2786.85,0,0.0,17808
391,2018-06-13,2787.94,2791.47,2774.65,2775.63,0,0.0,18553
392,2018-06-14,2783.21,2789.06,2776.52,2782.49,0,0.0,18263
393,2018-06-15,2777.78,2782.81,2761.73,2779.66,0,0.0,18556
394,2018-06-18,2765.79,2774.99,2757.12,2773.75,0,0.0,18130
395,2018-06-19,2752.01,2765.05,2743.19,2762.59,0,0.0,18865
396,2018-06-20,2769.73,2774.86,2763.91,2767.32,0,0.0,18540
397,2018-06-21,2769.28,2769.28,2744.39,2749.76,0,0.0,19306
398,2018-06-22,2760.79,2764.17,2752.68,2754.88,0,0.0,18398
399,2018-06-25,2742.94,2742.94,2698.67,2717.07,0,0.0,20605
400,2018-06-26,2722.12,2732.91,2715.6,2723.06,0,0.0,19317
401,2018-06-27,2728.45,2746.09,2699.38,2699.63,0,0.0,20187
402,2018-06-28,2698.69,2724.34,2691.99,2716.31,0,0.0,19790
403,2018-06-29,2727.13,2743.26,2718.37,2718.37,0,0.0,18954
404,2018-07-02,2704.95,2727.26,2698.95,2726.71,0,0.0,19129
405,2018-07-03,2733.27,2736.58,2711.16,2713.22,0,0.0,10706
406,2018-07-05,2724.19,2737.83,2716.02,2736.61,0,0.0,18862
407,2018-07-06,2737.68,2764.41,2733.52,2759.82,0,0.0,18209
408,2018-07-09,2768.51,2784.65,2768.51,2784.17,0,0.0,18020
409,2018-07-10,2788.56,2795.58,2786.24,2793.84,0,0.0,18113
410,2018-07-11,2779.82,2785.91,2770.77,2774.02,0,0.0,18925
411,2018-07-12,2783.14,2799.22,2781.53,2798.29,0,0.0,18700
412,2018-07-13,2796.93,2804.53,2791.69,2801.31,0,0.0,18441
413,2018-07-16,2801.43,2803.71,2793.39,2798.43,0,0.0,18485
414,2018-07-17,2789.34,2814.19,2789.24,2809.55,0,0.0,18784
415,2018-07-18,2811.35,2816.76,2805.89,2815.62,0,0.0,18164
416,2018-07-19,2809.37,2812.05,2799.77,2804.49,0,0.0,18902
417,2018-07-20,2804.55,2809.7,2800.01,2801.83,0,0.0,18301
418,2018-07-23,2799.17,2808.61,2795.14,2806.98,0,0.0,18258
419,2018-07-24,2820.68,2829.99,2811.12,2820.4,0,0.0,19371
420,2018-07-25,2817.73,2848.03,2817.73,2846.07,0,0.0,18772
421,2018-07-26,2835.49,2845.57,2835.26,2837.44,0,0.0,19262
422,2018-07-27,2842.35,2843.17,2808.34,2818.82,0,0.0,20098
423,2018-07-30,2819.0,2821.74,2798.11,2802.6,0,0.0,19726
424,2018-07-31,2809.73,2824.46,2808.06,2816.29,0,0.0,19395
425,2018-08-01,2821.17,2825.83,2805.85,2813.36,0,0.0,19344
426,2018-08-02,2800.48,2829.91,2796.34,2827.22,0,0.0,19161
427,2018-08-03,2829.62,2840.35,2827.37,2840.35,0,0.0,18117
428,2018-08-06,2840.29,2853.29,2835.98,2850.4,0,0.0,18024
429,2018-08-07,2855.92,2863.43,2855.92,2858.45,0,0.0,17989
430,2018-08-08,2856.79,2862.44,2853.09,2857.7,0,0.0,17583
431,2018-08-09,2857.19,2862.48,2851.98,2853.58,0,0.0,17544
432,2018-08-10,2839.64,2842.2,2825.81,2833.28,0,0.0,18404
433,2018-08-13,2835.46,2843.4,2819.88,2821.93,0,0.0,18794
434,2018-08-14,2827.88,2843.11,2826.58,2839.96,0,0.0,18050
435,2018-08-15,2827.95,2827.95,2802.49,2818.37,0,0.0,19757
436,2018-08-16,2831.44,2850.49,2831.44,2840.69,0,0.0,18214
437,2018-08-17,2838.32,2855.63,2833.73,2850.13,0,0.0,18590
438,2018-08-20,2853.93,2859.76,2850.62,2857.05,0,0.0,18135
439,2018-08-21,2861.51,2873.23,2861.32,2862.96,0,0.0,17990
440,2018-08-22,2860.99,2867.54,2856.05,2861.82,0,0.0,17840
441,2018-08-23,2860.29,2868.78,2854.03,2856.98,0,0.0,17905
442,2018-08-24,2862.35,2876.16,2862.35,2874.69,0,0.0,17314
443,2018-08-27,2884.69,2898.25,2884.69,2896.74,0,0.0,17659
444,2018-08-28,2901.45,2903.77,2893.5,2897.52,0,0.0,17460
445,2018-08-29,2900.62,2916.5,2898.4,2914.04,0,0.0,17763
446,2018-08-30,2908.94,2912.46,2895.22,2901.13,0,0.0,19161
447,2018-08-31,2898.37,2906.32,2891.73,2901.52,0,0.0,18422
448,2018-09-04,2896.96,2900.18,2885.13,2896.72,0,0.0,18835
449,2018-09-05,2891.59,2894.21,2876.92,2888.6,0,0.0,19444
450,2018-09-06,2888.64,2892.05,2867.29,2878.05,0,0.0,19689
451,2018-09-07,2868.26,2883.81,2864.12,2871.68,0,0.0,19366
452,2018-09-10,2881.39,2886.93,2875.94,2877.13,0,0.0,18551
453,2018-09-11,2871.57,2892.52,2866.78,2887.89,0,0.0,18638
454,2018-09-12,2888.29,2894.65,2879.2,2888.92,0,0.0,19742
455,2018-09-13,2896.85,2906.76,2896.39,2904.18,0,0.0,18766
456,2018-09-14,2906.38,2908.3,2895.77,2904.98,0,0.0,18270
457,2018-09-17,2903.83,2904.65,2886.16,2888.8,0,0.0,18855
458,2018-09-18,2890.74,2911.17,2890.43,2904.31,0,0.0,18503
459,2018-09-19,2906.6,2912.36,2903.82,2907.95,0,0.0,18560
460,2018-09-20,2919.73,2934.8,2919.73,2930.75,0,0.0,18348
461,2018-09-21,2936.76,2940.91,2927.11,2929.67,0,0.0,18481
462,2018-09-24,2921.83,2923.79,2912.63,2919.37,0,0.0,18670
463,2018-09-25,2921.75,2923.95,2913.7,2915.56,0,0.0,18284
464,2018-09-26,2916.98,2931.15,2903.28,2905.97,0,0.0,18597
465,2018-09-27,2911.65,2927.22,2909.27,2914.0,0,0.0,18064
466,2018-09-28,2910.03,2920.53,2907.5,2913.98,0,0.0,18583
467,2018-10-01,2926.29,2937.06,2917.91,2924.59,0,0.0,18549
468,2018-10-02,2923.8,2931.42,2919.37,2923.43,0,0.0,18726
469,2018-10-03,2931.69,2939.86,2921.36,2925.51,0,0.0,18958
470,2018-10-04,2919.35,2919.78,2883.92,2901.61,0,0.0,20373
471,2018-10-05,2902.54,2909.64,2869.29,2885.57,0,0.0,20758
472,2018-10-08,2877.53,2889.45,2862.08,2884.43,0,0.0,20638
473,2018-10-09,2882.51,2894.83,2874.27,2880.34,0,0.0,20215
474,2018-10-10,2873.9,2874.02,2784.86,2785.68,0,0.0,21685
475,2018-10-11,2776.87,2795.14,2710.51,2728.37,0,0.0,22245
476,2018-10-12,2770.54,2775.77,2729.44,2767.13,0,0.0,21827
477,2018-10-15,2763.83,2775.99,2749.03,2750.79,0,0.0,20808
478,2018-10-16,2767.05,2813.46,2766.91,2809.92,0,0.0,20234
479,2018-10-17,2811.67,2816.94,2781.81,2809.21,0,0.0,20828
480,2018-10-18,2802.0,2806.04,2755.18,2768.78,0,0.0,21270
481,2018-10-19,2775.66,2797.77,2760.27,2767.78,0,0.0,20816
482,2018-10-22,2773.94,2778.94,2749.22,2755.88,0,0.0,20613
483,2018-10-23,2721.03,2753.59,2691.43,2740.69,0,0.0,21544
484,2018-10-24,2737.87,2742.59,2651.89,2656.1,0,0.0,21665
485,2018-10-25,2674.88,2722.7,2667.84,2705.57,0,0.0,21364
486,2018-10-26,2667.86,2692.38,2628.16,2658.69,0,0.0,22023
487,2018-10-29,2682.65,2706.85,2603.54,2641.25,0,0.0,21840
488,2018-10-30,2640.68,2685.43,2635.34,2682.63,0,0.0,21945
489,2018-10-31,2705.6,2736.69,2705.6,2711.74,0,0.0,21268
490,2018-11-01,2717.58,2741.67,2708.85,2740.37,0,0.0,20956
491,2018-11-02,2745.45,2756.55,2700.44,2723.06,0,0.0,21381
492,2018-11-05,2726.37,2744.27,2717.94,2738.31,0,0.0,20301
493,2018-11-06,2738.4,2756.82,2737.08,2755.45,0,0.0,19863
494,2018-11-07,2774.13,2815.15,2774.13,2813.89,0,0.0,20218
495,2018-11-08,2806.38,2814.75,2794.99,2806.83,0,0.0,19984
496,2018-11-09,2794.1,2794.1,2764.24,2781.01,0,0.0,20407
497,2018-11-12,2773.93,2775.99,2722.0,2726.22,0,0.0,20842
498,2018-11-13,2730.05,2754.6,2714.98,2722.18,0,0.0,20992
499,2018-11-14,2737.9,2746.8,2685.75,2701.58,0,0.0,21348
500,2018-11-15,2693.52,2735.38,2670.75,2730.2,0,0.0,21337
501,2018-11-16,2718.54,2746.75,2712.16,2736.27,0,0.0,20719
502,2018-11-19,2730.74,2733.16,2681.09,2690.73,0,0.0,21169
503,2018-11-20,2654.6,2669.44,2631.52,2641.89,0,0.0,21641
504,2018-11-21,2657.74,2670.73,2649.82,2649.93,0,0.0,19749
505,2018-11-23,2633.36,2647.55,2631.09,2632.56,0,0.0,10997
506,2018-11-26,2649.97,2674.35,2649.97,2673.45,0,0.0,19841
507,2018-11-27,2663.75,2682.53,2655.89,2682.17,0,0.0,20111
508,2018-11-28,2691.45,2744.0,2684.38,2743.79,0,0.0,20655
509,2018-11-29,2736.97,2753.75,2722.94,2737.76,0,0.0,20021
510,2018-11-30,2737.76,2760.88,2732.76,2760.17,0,0.0,19614
511,2018-12-03,2790.5,2800.18,2773.38,2790.37,0,0.0,20359
512,2018-12-04,2782.43,2785.93,2697.18,2700.06,0,0.0,21487
513,2018-12-06,2663.51,2695.95,2621.53,2695.95,0,0.0,21740
514,2018-12-07,2691.26,2708.54,2623.14,2633.08,0,0.0,21597
515,2018-12-10,2630.86,2647.51,2583.23,2637.72,0,0.0,21599
516,2018-12-11,2664.44,2674.35,2621.3,2636.78,0,0.0,21138
517,2018-12-12,2658.23,2685.44,2650.26,2651.07,0,0.0,20697
518,2018-12-13,2658.7,2670.19,2637.27,2650.54,0,0.0,20657
519,2018-12-14,2629.68,2635.07,2593.84,2599.95,0,0.0,20923
520,2018-12-17,2590.75,2601.13,2530.54,2545.94,0,0.0,21492
521,2018-12-18,2559.9,2573.99,2528.71,2546.16,0,0.0,21046
522,2018-12-19,2547.05,2585.29,2488.96,2506.96,0,0.0,21423
523,2018-12-20,2496.77,2509.63,2441.18,2467.42,0,0.0,22169
524,2018-12-21,2465.38,2504.41,2408.55,2416.62,0,0.0,22114
525,2018-12-24,2400.56,2410.34,2351.1,2351.1,0,0.0,12057
526,2018-12-26,2363.12,2467.76,2346.58,2467.7,0,0.0,21780
527,2018-12-27,2442.5,2488.83,2397.94,2488.83,0,0.0,21718
528,2018-12-28,2498.77,2520.27,2472.89,2485.74,0,0.0,21661
529,2018-12-31,2498.94,2509.24,2482.82,2506.85,0,0.0,20916
530,2019-01-02,2476.96,2519.49,2467.47,2510.03,0,0.0,21155
531,2019-01-03,2491.92,2493.14,2443.96,2447.89,0,0.0,21566
532,2019-01-04,2474.33,2538.07,2474.33,2531.94,0,0.0,21133
533,2019-01-07,2535.61,2566.16,2524.56,2549.69,0,0.0,20727
534,2019-01-08,2568.11,2579.82,2547.56,2574.41,0,0.0,20796
535,2019-01-09,2580.0,2595.32,2568.89,2584.96,0,0.0,20432
536,2019-01-10,2573.51,2597.82,2562.02,2596.64,0,0.0,20283
537,2019-01-11,2588.11,2596.26,2577.4,2596.26,0,0.0,19553
538,2019-01-14,2580.31,2589.32,2570.41,2582.61,0,0.0,19336
539,2019-01-15,2585.1,2613.08,2585.1,2610.3,0,0.0,19949
540,2019-01-16,2614.75,2625.76,2612.68,2616.1,0,0.0,19452
541,2019-01-17,2609.28,2645.06,2606.36,2635.96,0,0.0,19567
542,2019-01-18,2651.27,2675.47,2647.58,2670.71,0,0.0,19870
543,2019-01-22,2657.88,2657.88,2617.27,2632.9,0,0.0,20267
544,2019-01-23,2643.48,2653.19,2612.86,2638.7,0,0.0,20191
545,2019-01-24,2638.84,2647.2,2627.01,2642.33,0,0.0,19769
546,2019-01-25,2657.44,2672.38,2657.33,2664.76,0,0.0,19546
547,2019-01-28,2644.97,2644.97,2624.06,2643.85,0,0.0,19713
548,2019-01-29,2644.89,2650.93,2631.05,2640.0,0,0.0,19403
549,2019-01-30,2653.62,2690.44,2648.34,2681.05,0,0.0,20174
550,2019-01-31,2685.49,2708.95,2678.65,2704.1,0,0.0,20182
551,2019-02-01,2702.32,2716.66,2696.88,2706.53,0,0.0,20051
552,2019-02-04,2706.49,2724.87,2698.75,2724.87,0,0.0,18732
553,2019-02-05,2728.34,2738.98,2724.03,2737.7,0,0.0,19062
554,2019-02-06,2735.05,2738.08,2724.15,2731.61,0,0.0,18881
555,2019-02-07,2717.53,2719.32,2687.26,2706.05,0,0.0,20104
556,2019-02-08,2692.36,2707.9,2681.83,2707.88,0,0.0,19429
557,2019-02-11,2712.4,2718.05,2703.79,2709.8,0,0.0,18595
558,2019-02-12,2722.61,2748.19,2722.61,2744.73,0,0.0,18534
559,2019-02-13,2750.3,2761.85,2748.63,2753.03,0,0.0,18651
560,2019-02-14,2743.5,2757.9,2731.23,2745.73,0,0.0,19134
561,2019-02-15,2760.24,2775.6,2760.24,2775.6,0,0.0,18694
562,2019-02-19,2769.28,2787.33,2767.29,2779.76,0,0.0,18119
563,2019-02-20,2779.05,2789.88,2774.06,2784.7,0,0.0,18893
564,2019-02-21,2780.24,2781.58,2764.55,2774.88,0,0.0,18621
565,2019-02-22,2780.67,2794.2,2779.11,2792.67,0,0.0,18325
566,2019-02-25,2804.35,2813.49,2794.99,2796.11,0,0.0,18516
567,2019-02-26,2792.36,2803.12,2789.47,2793.9,0,0.0,18488
568,2019-02-27,2787.5,2795.76,2775.13,2792.38,0,0.0,18573
569,2019-02-28,2788.11,2793.73,2782.51,2784.49,0,0.0,18407
570,2019-03-01,2798.22,2808.02,2787.38,2803.69,0,0.0,18566
571,2019-03-04,2814.37,2816.88,2767.66,2792.81,0,0.0,20008
572,2019-03-05,2794.41,2796.44,2782.97,2789.65,0,0.0,18741
573,2019-03-06,2790.27,2790.27,2768.69,2771.45,0,0.0,19255
574,2019-03-07,2766.53,2767.25,2739.09,2748.93,0,0.0,19710
575,2019-03-08,2730.79,2744.13,2722.27,2743.07,0,0.0,19174
576,2019-03-11,2747.61,2784.0,2747.61,2783.3,0,0.0,18849
577,2019-03-12,2787.34,2798.32,2786.73,2791.52,0,0.0,18883
578,2019-03-13,2799.78,2821.24,2799.78,2810.92,0,0.0,19000
579,2019-03-14,2810.38,2815.0,2803.46,2808.48,0,0.0,18060
580,2019-03-15,2810.79,2830.73,2810.79,2822.48,0,0.0,18998
581,2019-03-18,2822.61,2835.41,2821.99,2832.94,0,0.0,18570
582,2019-03-19,2840.76,2852.42,2823.27,2832.57,0,0.0,19148
583,2019-03-20,2831.34,2843.54,2812.43,2824.23,0,0.0,19817
584,2019-03-21,2819.72,2860.31,2817.38,2854.88,0,0.0,19579
585,2019-03-22,2844.52,2846.16,2800.47,2800.71,0,0.0,20622
586,2019-03-25,2796.01,2809.79,2785.02,2798.36,0,0.0,20397
587,2019-03-26,2812.66,2829.87,2803.99,2818.46,0,0.0,19839
588,2019-03-27,2819.72,2825.56,2787.72,2805.37,0,0.0,20187
589,2019-03-28,2809.4,2819.71,2798.77,2815.44,0,0.0,18864
590,2019-03-29,2828.27,2836.03,2819.23,2834.4,0,0.0,18670
591,2019-04-01,2848.63,2869.4,2848.63,2867.19,0,0.0,18797
592,2019-04-02,2868.24,2872.9,2858.75,2867.24,0,0.0,18418
593,2019-04-03,2876.09,2885.25,2865.17,2873.4,0,0.0,19174
594,2019-04-04,2873.99,2881.28,2867.14,2879.39,0,0.0,18849
595,2019-04-05,2884.16,2893.24,2882.99,2892.74,0,0.0,17939
596,2019-04-08,2888.46,2895.95,2880.78,2895.77,0,0.0,18091
597,2019-04-09,2886.58,2886.88,2873.33,2878.2,0,0.0,18496
598,2019-04-10,2881.37,2889.71,2879.13,2888.21,0,0.0,18080
599,2019-04-11,2891.92,2893.42,2881.99,2888.32,0,0.0,18245
600,2019-04-12,2900.86,2910.54,2898.37,2907.41,0,0.0,18532
601,2019-04-15,2908.32,2909.6,2896.48,2905.58,0,0.0,18080
602,2019-04-16,2912.26,2916.06,2900.71,2907.06,0,0.0,18855
603,2019-04-17,2916.04,2918.0,2895.45,2900.45,0,0.0,19504
604,2019-04-18,2904.81,2908.4,2891.9,2905.03,0,0.0,18657
605,2019-04-22,2898.78,2909.51,2896.35,2907.97,0,0.0,17957
606,2019-04-23,2909.99,2936.31,2908.53,2933.68,0,0.0,18513
607,2019-04-24,2934.0,2936.83,2926.05,2927.25,0,0.0,18663
608,2019-04-25,2928.99,2933.1,2912.84,2926.17,0,0.0,19329
609,2019-04-26,2925.81,2939.88,2917.56,2939.88,0,0.0,18977
610,2019-04-29,2940.58,2949.52,2939.35,2943.03,0,0.0,18300
611,2019-04-30,2937.14,2948.22,2924.11,2945.83,0,0.0,19265
612,2019-05-01,2952.33,2954.13,2923.36,2923.73,0,0.0,19764
613,2019-05-02,2922.16,2931.68,2900.5,2917.52,0,0.0,20207
614,2019-05-03,2929.21,2947.85,2929.21,2945.64,0,0.0,18678
615,2019-05-06,2908.89,2937.32,2898.21,2932.47,0,0.0,19570
616,2019-05-07,2913.03,2913.03,2862.6,2884.05,0,0.0,21040
617,2019-05-08,2879.61,2897.96,2873.28,2879.42,0,0.0,19925
618,2019-05-09,2859.84,2875.97,2836.4,2870.72,0,0.0,20729
619,2019-05-10,2863.1,2891.31,2825.39,2881.4,0,0.0,20901
620,2019-05-13,2840.19,2840.19,2801.43,2811.87,0,0.0,21076
621,2019-05-14,2820.12,2852.54,2820.12,2834.41,0,0.0,19746
622,2019-05-15,2820.38,2858.68,2815.08,2850.96,0,0.0,19671
623,2019-05-16,2855.8,2892.15,2855.8,2876.32,0,0.0,19387
624,2019-05-17,2858.6,2885.48,2854.23,2859.53,0,0.0,19922
625,2019-05-20,2841.94,2853.86,2831.29,2840.23,0,0.0,19918
626,2019-05-21,2854.02,2868.88,2854.02,2864.36,0,0.0,18507
627,2019-05-22,2856.06,2865.47,2851.11,2856.27,0,0.0,18955
628,2019-05-23,2836.7,2836.7,2805.49,2822.24,0,0.0,20112
629,2019-05-24,2832.41,2841.36,2820.19,2826.06,0,0.0,18692
630,2019-05-28,2830.03,2840.51,2802.06,2802.39,0,0.0,19176
631,2019-05-29,2790.25,2792.03,2766.06,2783.02,0,0.0,20288
632,2019-05-30,2786.94,2799.0,2776.74,2788.86,0,0.0,19272
633,2019-05-31,2766.15,2768.98,2750.52,2752.06,0,0.0,19549
634,2019-06-03,2751.53,2763.07,2728.81,2744.45,0,0.0,21238
635,2019-06-04,2762.64,2804.49,2762.64,2803.27,0,0.0,19937
636,2019-06-05,2818.09,2827.28,2800.92,2826.15,0,0.0,19632
637,2019-06-06,2828.51,2852.1,2822.45,2843.49,0,0.0,19254
638,2019-06-07,2852.87,2884.97,2852.87,2873.34,0,0.0,19357
639,2019-06-10,2885.83,2904.77,2885.51,2886.73,0,0.0,19486
640,2019-06-11,2903.27,2910.61,2878.53,2885.72,0,0.0,19619
641,2019-06-12,2882.73,2888.57,2874.68,2879.84,0,0.0,18724
642,2019-06-13,2886.24,2895.24,2881.99,2891.64,0,0.0,18585
643,2019-06-14,2886.82,2894.45,2879.62,2886.98,0,0.0,18155
644,2019-06-17,2889.75,2897.27,2887.3,2889.67,0,0.0,18014
645,2019-06-18,2906.71,2930.79,2905.44,2917.75,0,0.0,19284
646,2019-06-19,2920.55,2931.74,2911.43,2926.46,0,0.0,19098
647,2019-06-20,2949.6,2958.06,2931.5,2954.18,0,0.0,19348
648,2019-06-21,2952.71,2964.15,2946.87,2950.46,0,0.0,18683
649,2019-06-24,2951.42,2954.92,2944.05,2945.35,0,0.0,18573
650,2019-06-25,2945.78,2946.52,2916.01,2917.38,0,0.0,19638
651,2019-06-26,2926.07,2932.59,2912.99,2913.78,0,0.0,19169
652,2019-06-27,2919.66,2929.3,2918.57,2924.92,0,0.0,18208
653,2019-06-28,2932.94,2943.98,2929.05,2941.76,0,0.0,18341
654,2019-07-01,2971.41,2977.93,2952.22,2964.33,0,0.0,19155
655,2019-07-02,2964.66,2973.08,2955.92,2973.01,0,0.0,18583
656,2019-07-03,2978.08,2995.84,2977.96,2995.82,0,0.0,10466
657,2019-07-05,2984.25,2994.03,2967.97,2990.41,0,0.0,18218
658,2019-07-08,2979.77,2980.76,2970.09,2975.95,0,0.0,18246
659,2019-07-09,2965.52,2981.9,2963.44,2979.63,0,0.0,17973
660,2019-07-10,2989.3,3002.98,2984.62,2993.07,0,0.0,18836
661,2019-07-11,2999.62,3002.33,2988.8,2999.91,0,0.0,18753
662,2019-07-12,3003.36,3013.92,3001.87,3013.77,0,0.0,18127
663,2019-07-15,3017.8,3017.8,3008.77,3014.3,0,0.0,17884
664,2019-07-16,3012.13,3015.02,3001.15,3004.04,0,0.0,18621
665,2019-07-17,3005.1,3005.26,2984.42,2984.42,0,0.0,18227
666,2019-07-18,2978.87,2998.28,2973.09,2995.11,0,0.0,18990
667,2019-07-19,3004.26,3006.02,2975.86,2976.61,0,0.0,19104
668,2019-07-22,2981.93,2990.71,2976.65,2985.03,0,0.0,18177
669,2019-07-23,2994.74,3005.9,2988.56,3005.47,0,0.0,18689
670,2019-07-24,2998.77,3019.56,2996.82,3019.56,0,0.0,18657
671,2019-07-25,3016.26,3016.31,2997.24,3003.67,0,0.0,19437
672,2019-07-26,3013.25,3027.98,3012.59,3025.86,0,0.0,18403
673,2019-07-29,3024.47,3025.61,3014.3,3020.97,0,0.0,18451
674,2019-07-30,3007.66,3017.19,3000.94,3013.18,0,0.0,18557
675,2019-07-31,3016.22,3017.4,2958.08,2980.38,0,0.0,19925
676,2019-08-01,2980.32,3013.59,2945.23,2953.56,0,0.0,20812
677,2019-08-02,2943.9,2945.5,2914.11,2932.05,0,0.0,20688
678,2019-08-05,2898.07,2898.07,2822.12,2844.74,0,0.0,21189
679,2019-08-06,2861.18,2884.4,2847.42,2881.77,0,0.0,20811
680,2019-08-07,2858.65,2892.17,2825.71,2883.98,0,0.0,21211
681,2019-08-08,2896.21,2938.72,2894.47,2938.09,0,0.0,19753
682,2019-08-09,2930.51,2935.75,2900.15,2918.65,0,0.0,20108
683,2019-08-12,2907.07,2907.58,2873.14,2883.09,0,0.0,19756
684,2019-08-13,2880.72,2943.31,2877.05,2926.32,0,0.0,19469
685,2019-08-14,2894.15,2894.15,2839.64,2840.6,0,0.0,21227
686,2019-08-15,2846.2,2856.67,2825.51,2847.6,0,0.0,20945
687,2019-08-16,2864.74,2893.63,2864.74,2888.68,0,0.0,19353
688,2019-08-19,2913.48,2931.0,2913.48,2923.65,0,0.0,18675
689,2019-08-20,2919.01,2923.63,2899.6,2900.51,0,0.0,19241
690,2019-08-21,2922.04,2928.73,2917.91,2924.43,0,0.0,18472
691,2019-08-22,2930.94,2939.08,2904.51,2922.95,0,0.0,19038
692,2019-08-23,2911.07,2927.01,2834.97,2847.11,0,0.0,21144
693,2019-08-26,2866.7,2878.86,2856.0,2878.38,0,0.0,19400
694,2019-08-27,2893.14,2898.79,2860.59,2869.16,0,0.0,20008
695,2019-08-28,2861.28,2890.03,2853.05,2887.94,0,0.0,19051
696,2019-08-29,2910.37,2930.5,2905.67,2924.58,0,0.0,18731
697,2019-08-30,2937.09,2940.43,2913.32,2926.46,0,0.0,18800
698,2019-09-03,2909.01,2914.39,2891.85,2906.27,0,0.0,19621
699,2019-09-04,2924.67,2938.84,2921.86,2937.78,0,0.0,18362
700,2019-09-05,2960.6,2985.86,2960.6,2976.0,0,0.0,18947
701,2019-09-06,2980.33,2985.03,2972.51,2978.71,0,0.0,18590
702,2019-09-09,2988.43,2989.43,2969.39,2978.43,0,0.0,19540
703,2019-09-10,2971.01,2979.39,2957.01,2979.39,0,0.0,19985
704,2019-09-11,2981.41,3000.93,2975.31,3000.93,0,0.0,19320
705,2019-09-12,3009.08,3020.74,3000.92,3009.57,0,0.0,19495
706,2019-09-13,3012.21,3017.33,3002.9,3007.39,0,0.0,19291
707,2019-09-16,2996.41,3002.19,2990.67,2997.96,0,0.0,18912
708,2019-09-17,2995.67,3006.21,2993.73,3005.7,0,0.0,18474
709,2019-09-18,3001.5,3007.83,2978.57,3006.73,0,0.0,19074
710,2019-09-19,3010.36,3021.99,3003.16,3006.79,0,0.0,18631
711,2019-09-20,3008.42,3016.37,2984.68,2992.07,0,0.0,19347
712,2019-09-23,2983.5,2999.15,2982.23,2991.78,0,0.0,18402
713,2019-09-24,3002.43,3007.98,2957.73,2966.6,0,0.0,20402
714,2019-09-25,2968.35,2989.82,2952.86,2984.87,0,0.0,19258
715,2019-09-26,2985.73,2987.28,2963.71,2977.62,0,0.0,19165
716,2019-09-27,2985.47,2987.31,2945.53,2961.79,0,0.0,19945
717,2019-09-30,2967.07,2983.85,2967.07,2976.74,0,0.0,18454
718,2019-10-01,2983.69,2992.53,2938.7,2940.25,0,0.0,19627
719,2019-10-02,2924.78,2924.78,2874.93,2887.61,0,0.0,20342
720,2019-10-03,2885.38,2911.13,2855.94,2910.63,0,0.0,19827
721,2019-10-04,2918.56,2953.74,2918.56,2952.01,0,0.0,18709
722,2019-10-07,2944.23,2959.75,2935.68,2938.79,0,0.0,18866
723,2019-10-08,2920.4,2925.47,2892.66,2893.06,0,0.0,19786
724,2019-10-09,2911.1,2929.32,2907.41,2919.4,0,0.0,18727
725,2019-10-10,2918.55,2948.46,2917.12,2938.13,0,0.0,19034
726,2019-10-11,2963.07,2993.28,2963.07,2970.27,0,0.0,19484
727,2019-10-14,2965.81,2972.84,2962.94,2966.15,0,0.0,17584
728,2019-10-15,2973.61,3003.28,2973.61,2995.68,0,0.0,18926
729,2019-10-16,2989.68,2997.54,2985.2,2989.69,0,0.0,18496
730,2019-10-17,3000.77,3008.29,2991.79,2997.95,0,0.0,18525
731,2019-10-18,2996.84,3000.0,2976.31,2986.2,0,0.0,19211
732,2019-10-21,2996.48,3007.33,2995.35,3006.72,0,0.0,18146
733,2019-10-22,3010.73,3014.57,2995.04,2995.99,0,0.0,19432
734,2019-10-23,2994.01,3004.78,2991.21,3004.52,0,0.0,18716
735,2019-10-24,3014.78,3016.07,3000.42,3010.29,0,0.0,18949
736,2019-10-25,3003.32,3027.39,3001.94,3022.55,0,0.0,18653
737,2019-10-28,3032.12,3044.08,3032.12,3039.42,0,0.0,18520
738,2019-10-29,3035.39,3047.87,3034.81,3036.89,0,0.0,19071
739,2019-10-30,3039.74,3050.1,3025.96,3046.77,0,0.0,19267
740,2019-10-31,3046.9,3046.9,3023.19,3037.56,0,0.0,19589
741,2019-11-01,3050.72,3066.91,3050.72,3066.91,0,0.0,18541
742,2019-11-04,3078.96,3085.2,3074.87,3078.27,0,0.0,18630
743,2019-11-05,3080.8,3083.95,3072.15,3074.62,0,0.0,18669
744,2019-11-06,3075.1,3078.34,3065.89,3076.78,0,0.0,18413
745,2019-11-07,3087.02,3097.77,3080.23,3085.18,0,0.0,18760
746,2019-11-08,3081.25,3093.08,3073.58,3093.08,0,0.0,18068
747,2019-11-11,3080.33,3088.33,3075.82,3087.01,0,0.0,17607
748,2019-11-12,3089.28,3102.61,3084.73,3091.84,0,0.0,18258
749,2019-11-13,3084.18,3098.06,3078.8,3094.04,0,0.0,18921
750,2019-11-14,3090.75,3098.2,3083.26,3096.63,0,0.0,18463
751,2019-11-15,3107.92,3120.46,3104.6,3120.46,0,0.0,18270
752,2019-11-18,3117.91,3124.17,3112.06,3122.03,0,0.0,18279
753,2019-11-19,3127.45,3127.64,3113.47,3120.18,0,0.0,18640
754,2019-11-20,3114.66,3118.97,3091.41,3108.46,0,0.0,19560
755,2019-11-21,3108.49,3110.11,3094.55,3103.54,0,0.0,18658
756,2019-11-22,3111.41,3112.87,3099.26,3110.29,0,0.0,18032
757,2019-11-25,3117.44,3133.83,3117.44,3133.64,0,0.0,17608
758,2019-11-26,3134.85,3142.69,3131.0,3140.52,0,0.0,17901
759,2019-11-27,3145.49,3154.26,3143.41,3153.63,0,0.0,17409
760,2019-11-29,3147.18,3150.3,3139.34,3140.98,0,0.0,9969
761,2019-12-02,3143.85,3144.31,3110.78,3113.87,0,0.0,19026
762,2019-12-03,3087.41,3094.97,3070.33,3093.2,0,0.0,19386
763,2019-12-04,3103.5,3119.38,3102.53,3112.76,0,0.0,18248
764,2019-12-05,3119.21,3119.45,3103.76,3117.43,0,0.0,18117
765,2019-12-06,3134.62,3150.6,3134.62,3145.91,0,0.0,17653
766,2019-12-09,3141.86,3148.87,3135.46,3135.96,0,0.0,18147
767,2019-12-10,3135.36,3142.12,3126.09,3132.52,0,0.0,18261
768,2019-12-11,3135.75,3143.98,3133.21,3141.63,0,0.0,17912
769,2019-12-12,3141.23,3176.28,3138.47,3168.57,0,0.0,19918
770,2019-12-13,3166.65,3182.68,3156.51,3168.8,0,0.0,19158
771,2019-12-16,3183.63,3197.71,3183.63,3191.45,0,0.0,17938
772,2019-12-17,3195.4,3198.22,3191.03,3192.52,0,0.0,18076
773,2019-12-18,3195.21,3198.48,3191.14,3191.14,0,0.0,17718
774,2019-12-19,3192.32,3205.48,3192.32,3205.37,0,0.0,17549
775,2019-12-20,3223.33,3225.65,3216.03,3221.22,0,0.0,17979
776,2019-12-23,3226.05,3227.78,3222.3,3224.01,0,0.0,17159
777,2019-12-24,3225.45,3226.43,3220.51,3223.38,0,0.0,9331
778,2019-12-26,3227.2,3239.91,3227.2,3239.91,0,0.0,16614
779,2019-12-27,3247.23,3247.93,3234.37,3240.02,0,0.0,17728
780,2019-12-30,3240.09,3240.92,3216.57,3221.29,0,0.0,18712
781,2019-12-31,3215.18,3231.72,3212.03,3230.78,0,0.0,17639
782,2020-01-02,3244.67,3257.85,3235.53,3257.85,0,0.0,18519
783,2020-01-03,3226.36,3246.15,3222.34,3234.85,0,0.0,19072
784,2020-01-06,3217.55,3246.84,3214.64,3246.28,0,0.0,18747
785,2020-01-07,3241.86,3244.91,3232.43,3237.18,0,0.0,18847
786,2020-01-08,3238.59,3267.07,3236.67,3253.05,0,0.0,19157
787,2020-01-09,3266.03,3275.58,3263.67,3274.7,0,0.0,19164
788,2020-01-10,3281.81,3282.99,3260.86,3265.35,0,0.0,18988
789,2020-01-13,3271.13,3288.13,3268.43,3288.13,0,0.0,18483
790,2020-01-14,3285.35,3294.25,3277.19,3283.15,0,0.0,19624
791,2020-01-15,3282.27,3298.66,3280.69,3289.29,0,0.0,19410
792,2020-01-16,3302.97,3317.05,3302.82,3316.81,0,0.0,18434
793,2020-01-17,3323.66,3329.88,3318.86,3329.62,0,0.0,18616
794,2020-01-21,3321.03,3329.79,3316.61,3320.79,0,0.0,19199
795,2020-01-22,3330.02,3337.77,3320.04,3321.75,0,0.0,18969
796,2020-01-23,3315.77,3326.88,3301.87,3325.54,0,0.0,19175
797,2020-01-24,3333.1,3333.18,3281.53,3295.47,0,0.0,20745
798,2020-01-27,3247.16,3258.85,3234.5,3243.63,0,0.0,20452
799,2020-01-28,3255.35,3285.78,3253.22,3276.24,0,0.0,19651
800,2020-01-29,3289.46,3293.47,3271.89,3273.4,0,0.0,20168
801,2020-01-30,3256.45,3285.91,3242.8,3283.66,0,0.0,20660
802,2020-01-31,3282.33,3282.33,3214.68,3225.52,0,0.0,21374
803,2020-02-03,3235.66,3268.44,3235.66,3248.92,0,0.0,20435
804,2020-02-04,3280.61,3306.92,3280.61,3297.59,0,0.0,19845
805,2020-02-05,3324.91,3337.58,3313.75,3334.69,0,0.0,20443
806,2020-02-06,3344.92,3347.96,3334.39,3345.78,0,0.0,19643
807,2020-02-07,3335.54,3341.42,3322.12,3327.71,0,0.0,19807
808,2020-02-10,3318.28,3352.09,3317.77,3352.09,0,0.0,19145
809,2020-02-11,3365.87,3375.63,3352.72,3357.75,0,0.0,20295
810,2020-02-12,3370.5,3381.47,3369.72,3379.45,0,0.0,19401
811,2020-02-13,3365.9,3385.09,3360.52,3373.94,0,0.0,19903
812,2020-02-14,3378.08,3380.69,3366.15,3380.16,0,0.0,19217
813,2020-02-18,3369.04,3375.01,3355.61,3370.29,0,0.0,19504
814,2020-02-19,3380.39,3393.52,3378.83,3386.15,0,0.0,18632
815,2020-02-20,3380.45,3389.15,3341.02,3373.23,0,0.0,20594
816,2020-02-21,3360.5,3360.76,3328.45,3337.75,0,0.0,20503
817,2020-02-24,3257.61,3259.81,3214.65,3225.89,0,0.0,21571
818,2020-02-25,3238.94,3246.99,3118.77,3128.21,0,0.0,22349
819,2020-02-26,3139.9,3182.51,3108.99,3116.39,0,0.0,22173
820,2020-02-27,3062.54,3097.07,2978.19,2978.76,0,0.0,22579
821,2020-02-28,2916.9,2959.72,2855.84,2954.22,0,0.0,22890
822,2020-03-02,2974.28,3090.24,2945.19,3090.23,0,0.0,22523
823,2020-03-03,3096.46,3136.72,2976.63,3003.37,0,0.0,22791
824,2020-03-04,3045.75,3130.97,3034.38,3130.12,0,0.0,22072
825,2020-03-05,3075.7,3083.04,2999.83,3023.94,0,0.0,22322
826,2020-03-06,2954.2,2985.93,2901.54,2972.37,0,0.0,22603
827,2020-03-09,2863.89,2863.89,2734.43,2746.56,0,0.0,21856
828,2020-03-10,2813.48,2882.23,2734.0,2882.23,0,0.0,22867
829,2020-03-11,2825.6,2825.6,2707.22,2741.38,0,0.0,22770
830,2020-03-12,2630.86,2660.95,2478.86,2480.64,0,0.0,22055
831,2020-03-13,2569.99,2711.02,2492.37,2711.02,0,0.0,22884
832,2020-03-16,2508.59,2562.98,2380.94,2386.13,0,0.0,22022
833,2020-03-17,2425.66,2553.93,2367.04,2529.19,0,0.0,22920
834,2020-03-18,2436.5,2453.57,2280.52,2398.1,0,0.0,22126
835,2020-03-19,2393.48,2466.97,2319.78,2409.39,0,0.0,22916
836,2020-03-20,2431.94,2453.01,2295.56,2304.92,0,0.0,22911
837,2020-03-23,2290.71,2300.73,2191.86,2237.4,0,0.0,23038
838,2020-03-24,2344.44,2449.71,2344.44,2447.33,0,0.0,22827
839,2020-03-25,2457.77,2571.42,2407.53,2475.56,0,0.0,22933
840,2020-03-26,2501.29,2637.01,2500.72,2630.07,0,0.0,22827
841,2020-03-27,2555.87,2615.91,2520.02,2541.47,0,0.0,22651
842,2020-03-30,2558.98,2631.8,2545.28,2626.65,0,0.0,22558
843,2020-03-31,2614.69,2641.39,2571.15,2584.59,0,0.0,22597
844,2020-04-01,2498.08,2522.75,2447.49,2470.5,0,0.0,22437
845,2020-04-02,2458.54,2533.22,2455.79,2526.9,0,0.0,22608
846,2020-04-03,2514.92,2538.18,2459.96,2488.65,0,0.0,22280
847,2020-04-06,2578.28,2676.85,2574.57,2663.68,0,0.0,21928
848,2020-04-07,2738.65,2756.89,2657.67,2659.41,0,0.0,22575
849,2020-04-08,2685.0,2760.75,2663.3,2749.98,0,0.0,22116
850,2020-04-09,2776.99,2818.57,2762.36,2789.82,0,0.0,22455
851,2020-04-13,2782.46,2782.46,2721.17,2761.63,0,0.0,21971
852,2020-04-14,2805.1,2851.85,2805.1,2846.06,0,0.0,21901
853,2020-04-15,2795.64,2801.88,2761.54,2783.36,0,0.0,21897
854,2020-04-16,2799.34,2806.51,2764.32,2799.55,0,0.0,22123
855,2020-04-17,2842.43,2879.22,2830.88,2874.56,0,0.0,21711
856,2020-04-20,2845.62,2868.98,2820.43,2823.16,0,0.0,21712
857,2020-04-21,2784.81,2785.54,2727.1,2736.56,0,0.0,22221
858,2020-04-22,2787.89,2815.1,2775.95,2799.31,0,0.0,21254
859,2020-04-23,2810.42,2844.9,2794.26,2797.8,0,0.0,21686
860,2020-04-24,2812.64,2842.71,2791.76,2836.74,0,0.0,21185
861,2020-04-27,2854.65,2887.72,2852.89,2878.48,0,0.0,21052
862,2020-04-28,2909.96,2921.15,2860.71,2863.39,0,0.0,21566
863,2020-04-29,2918.46,2954.86,2912.16,2939.51,0,0.0,21474
864,2020-04-30,2930.91,2930.91,2892.47,2912.43,0,0.0,21825
865,2020-05-01,2869.09,2869.09,2821.61,2830.71,0,0.0,21807
866,2020-05-04,2815.01,2844.24,2797.85,2842.74,0,0.0,21258
867,2020-05-05,2868.88,2898.23,2863.55,2868.44,0,0.0,20919
868,2020-05-06,2883.14,2891.11,2847.65,2848.42,0,0.0,21220
869,2020-05-07,2878.26,2901.92,2876.48,2881.19,0,0.0,20981
870,2020-05-08,2908.83,2932.16,2902.88,2929.8,0,0.0,20433
871,2020-05-11,2915.46,2944.25,2903.44,2930.32,0,0.0,20695
872,2020-05-12,2939.5,2945.82,2869.76,2870.12,0,0.0,20874
873,2020-05-13,2865.86,2874.14,2793.15,2820.0,0,0.0,21967
874,2020-05-14,2794.54,2852.8,2766.64,2852.5,0,0.0,22045
875,2020-05-15,2829.95,2865.01,2816.78,2863.7,0,0.0,21654
876,2020-05-18,2913.86,2968.09,2913.86,2953.91,0,0.0,21114
877,2020-05-19,2948.59,2964.21,2922.35,2922.94,0,0.0,21070
878,2020-05-20,2953.63,2980.29,2953.63,2971.61,0,0.0,21073
879,2020-05-21,2969.95,2978.5,2938.57,2948.51,0,0.0,21160
880,2020-05-22,2948.05,2956.76,2933.59,2955.45,0,0.0,20303
881,2020-05-26,3004.08,3021.72,2988.17,2991.77,0,0.0,20954
882,2020-05-27,3015.65,3036.25,2969.75,3036.13,0,0.0,21640
883,2020-05-28,3046.61,3068.67,3023.4,3029.73,0,0.0,21236
884,2020-05-29,3025.17,3049.17,2998.61,3044.31,0,0.0,21622
885,2020-06-01,3038.78,3062.18,3031.54,3055.73,0,0.0,20563
886,2020-06-02,3064.78,3080.95,3051.64,3080.82,0,0.0,20551
887,2020-06-03,3098.9,3130.94,3098.9,3122.87,0,0.0,20674
888,2020-06-04,3111.56,3128.91,3090.41,3112.35,0,0.0,21263
889,2020-06-05,3163.84,3211.72,3163.84,3193.93,0,0.0,21627
890,2020-06-08,3199.92,3233.13,3196.0,3232.39,0,0.0,20765
891,2020-06-09,3213.32,3222.71,3193.11,3207.18,0,0.0,21043
892,2020-06-10,3213.42,3223.27,3181.49,3190.14,0,0.0,21698
893,2020-06-11,3123.53,3123.53,2999.49,3002.1,0,0.0,22471
894,2020-06-12,3071.04,3088.42,2984.47,3041.31,0,0.0,22522
895,2020-06-15,2993.76,3079.76,2965.66,3066.59,0,0.0,22072
896,2020-06-16,3131.0,3153.45,3076.06,3124.74,0,0.0,22146
897,2020-06-17,3136.13,3141.16,3108.03,3113.49,0,0.0,20955
898,2020-06-18,3101.64,3120.0,3093.51,3115.34,0,0.0,20945
899,2020-06-19,3140.29,3155.53,3083.11,3097.74,0,0.0,21598
900,2020-06-22,3094.42,3120.92,3079.39,3117.86,0,0.0,20953
901,2020-06-23,3138.7,3154.9,3127.12,3131.29,0,0.0,20934
902,2020-06-24,3114.4,3115.01,3032.13,3050.33,0,0.0,22079
903,2020-06-25,3046.6,3086.25,3024.01,3083.76,0,0.0,21488
904,2020-06-26,3073.2,3073.73,3004.63,3009.05,0,0.0,21869
905,2020-06-29,3018.59,3053.52,2999.74,3053.24,0,0.0,21117
906,2020-06-30,3050.2,3111.51,3047.83,3100.29,0,0.0,20970
907,2020-07-01,3105.92,3128.44,3101.17,3115.86,0,0.0,21089
908,2020-07-02,3143.64,3165.81,3124.52,3130.01,0,0.0,20950
909,2020-07-06,3155.29,3182.59,3155.29,3179.72,0,0.0,21046
910,2020-07-07,3166.44,3184.15,3142.93,3145.32,0,0.0,21066
911,2020-07-08,3153.07,3171.8,3136.53,3169.94,0,0.0,21286
912,2020-07-09,3176.17,3179.78,3115.7,3152.05,0,0.0,21602
913,2020-07-10,3152.47,3186.82,3136.22,3185.04,0,0.0,21011
914,2020-07-13,3205.08,3235.32,3149.43,3155.22,0,0.0,21895
915,2020-07-14,3141.11,3200.95,3127.66,3197.52,0,0.0,21960
916,2020-07-15,3225.98,3238.28,3200.76,3226.56,0,0.0,21820
917,2020-07-16,3208.36,3220.39,3198.59,3215.57,0,0.0,21358
918,2020-07-17,3224.21,3233.52,3205.65,3224.73,0,0.0,20674
919,2020-07-20,3224.29,3258.61,3215.16,3251.84,0,0.0,20811
920,2020-07-21,3268.52,3277.29,3247.77,3257.3,0,0.0,21403
921,2020-07-22,3254.86,3279.32,3253.1,3276.02,0,0.0,20839
922,2020-07-23,3271.64,3279.99,3222.66,3235.66,0,0.0,21949
923,2020-07-24,3218.58,3227.26,3200.05,3215.63,0,0.0,21639
924,2020-07-27,3219.84,3241.43,3214.25,3239.41,0,0.0,20758
925,2020-07-28,3234.27,3243.72,3216.17,3218.44,0,0.0,20760
926,2020-07-29,3227.22,3264.74,3227.22,3258.44,0,0.0,20567
927,2020-07-30,3231.76,3250.92,3204.13,3246.22,0,0.0,21413
928,2020-07-31,3270.45,3272.17,3220.26,3271.12,0,0.0,21809
929,2020-08-03,3288.26,3302.73,3284.53,3294.61,0,0.0,21221
930,2020-08-04,3289.92,3306.64,3286.37,3306.51,0,0.0,21025
931,2020-08-05,3317.37,3330.77,3317.37,3327.77,0,0.0,20355
932,2020-08-06,3323.17,3351.03,3318.14,3349.16,0,0.0,21006
933,2020-08-07,3340.05,3352.54,3328.72,3351.28,0,0.0,21529
934,2020-08-10,3356.04,3363.29,3335.44,3360.47,0,0.0,21286
935,2020-08-11,3370.34,3381.01,3326.44,3333.69,0,0.0,21399
936,2020-08-12,3355.46,3387.89,3355.46,3380.35,0,0.0,21104
937,2020-08-13,3372.95,3387.24,3363.35,3373.43,0,0.0,20928
938,2020-08-14,3368.66,3378.51,3361.64,3372.85,0,0.0,20507
939,2020-08-17,3380.86,3387.59,3379.22,3381.99,0,0.0,19814
940,2020-08-18,3387.04,3395.06,3370.15,3389.78,0,0.0,20430
941,2020-08-19,3392.51,3399.54,3369.66,3374.85,0,0.0,20666
942,2020-08-20,3360.48,3390.8,3354.69,3385.51,0,0.0,20529
943,2020-08-21,3386.01,3399.96,3379.31,3397.16,0,0.0,20913
944,2020-08-24,3418.09,3432.09,3413.13,3431.28,0,0.0,21430
945,2020-08-25,3435.95,3444.21,3425.84,3443.62,0,0.0,20734
946,2020-08-26,3449.97,3481.07,3444.15,3478.73,0,0.0,21252
947,2020-08-27,3485.14,3501.38,3468.35,3484.55,0,0.0,21716
948,2020-08-28,3494.69,3509.23,3484.32,3508.01,0,0.0,20993
949,2020-08-31,3509.73,3514.77,3493.25,3500.31,0,0.0,21622
950,2020-09-01,3507.44,3528.03,3494.6,3526.65,0,0.0,21416
951,2020-09-02,3543.76,3588.11,3535.23,3580.84,0,0.0,21992
952,2020-09-03,3564.74,3564.85,3427.41,3455.06,0,0.0,22699
953,2020-09-04,3453.6,3479.15,3349.63,3426.96,0,0.0,22766
954,2020-09-08,3371.88,3379.97,3329.27,3331.84,0,0.0,22526
955,2020-09-09,3369.82,3424.77,3366.84,3398.96,0,0.0,21962
956,2020-09-10,3412.56,3425.55,3329.25,3339.19,0,0.0,22450
957,2020-09-11,3352.7,3368.95,3310.47,3340.97,0,0.0,22286
958,2020-09-14,3363.56,3402.93,3363.56,3383.54,0,0.0,21832
959,2020-09-15,3407.73,3419.48,3389.25,3401.2,0,0.0,21595
960,2020-09-16,3411.23,3428.92,3384.45,3385.49,0,0.0,21655
961,2020-09-17,3346.86,3375.17,3328.82,3357.01,0,0.0,22139
962,2020-09-18,3357.38,3362.27,3292.4,3319.47,0,0.0,21999
963,2020-09-21,3285.57,3285.57,3229.1,3281.06,0,0.0,22217
964,2020-09-22,3295.75,3320.31,3270.95,3315.57,0,0.0,21842
965,2020-09-23,3320.11,3323.35,3232.57,3236.92,0,0.0,22028
966,2020-09-24,3226.14,3278.7,3209.45,3246.59,0,0.0,22088
967,2020-09-25,3236.66,3306.88,3228.44,3298.46,0,0.0,21629
968,2020-09-28,3333.9,3360.74,3332.91,3351.6,0,0.0,21387
969,2020-09-29,3350.92,3357.92,3327.54,3335.47,0,0.0,21222
970,2020-09-30,3341.21,3393.56,3340.47,3363.0,0,0.0,21637
971,2020-10-01,3385.87,3397.18,3361.39,3380.8,0,0.0,21695
972,2020-10-02,3338.94,3369.1,3323.69,3348.44,0,0.0,21846
973,2020-10-05,3367.27,3409.57,3367.27,3408.63,0,0.0,20653
974,2020-10-06,3408.74,3431.56,3354.54,3360.95,0,0.0,21385
975,2020-10-07,3384.56,3426.26,3384.56,3419.45,0,0.0,20848
976,2020-10-08,3434.28,3447.28,3428.15,3446.83,0,0.0,20663
977,2020-10-09,3459.67,3482.34,3458.07,3477.13,0,0.0,20626
978,2020-10-12,3500.02,3549.85,3499.61,3534.22,0,0.0,21633
979,2020-10-13,3534.01,3534.01,3500.86,3511.93,0,0.0,21906
980,2020-10-14,3515.47,3527.94,3480.55,3488.67,0,0.0,21517
981,2020-10-15,3453.72,3489.08,3440.89,3483.34,0,0.0,21268
982,2020-10-16,3493.5,3515.76,3480.45,3483.81,0,0.0,21072
983,2020-10-19,3493.66,3502.42,3419.93,3426.92,0,0.0,21533
984,2020-10-20,3439.38,3476.93,3435.65,3443.12,0,0.0,21621
985,2020-10-21,3439.91,3464.86,3433.06,3435.56,0,0.0,21530
986,2020-10-22,3438.5,3460.53,3415.34,3453.49,0,0.0,21334
987,2020-10-23,3464.9,3466.46,3440.45,3465.39,0,0.0,20855
988,2020-10-26,3441.42,3441.42,3364.86,3400.97,0,0.0,21768
989,2020-10-27,3403.15,3409.51,3388.71,3390.68,0,0.0,21341
990,2020-10-28,3342.48,3342.48,3268.89,3271.03,0,0.0,21927
991,2020-10-29,3277.17,3341.05,3259.82,3310.11,0,0.0,21798
992,2020-10-30,3293.59,3304.93,3233.94,3269.96,0,0.0,22232
993,2020-11-02,3296.2,3330.14,3279.74,3310.24,0,0.0,21872
994,2020-11-03,3336.25,3389.49,3336.25,3369.02,0,0.0,21626
995,2020-11-04,3406.46,3486.25,3405.17,3443.44,0,0.0,22134
996,2020-11-05,3485.74,3529.05,3485.74,3510.45,0,0.0,21677
997,2020-11-06,3508.34,3521.58,3484.34,3509.44,0,0.0,21432
998,2020-11-09,3583.04,3645.99,3547.48,3550.5,0,0.0,22480
999,2020-11-10,3543.26,3557.22,3511.91,3545.53,0,0.0,22328
1000,2020-11-11,3563.22,3581.16,3557.0,3572.66,0,0.0,21307
1001,2020-11-12,3562.67,3569.02,3518.58,3537.01,0,0.0,21574
1002,2020-11-13,3552.57,3593.66,3552.57,3585.15,0,0.0,21082
1003,2020-11-16,3600.16,3628.51,3600.16,3626.91,0,0.0,21084
1004,2020-11-17,3610.31,3623.11,3588.68,3609.53,0,0.0,21016
1005,2020-11-18,3612.09,3619.09,3567.58,3567.79,0,0.0,20948
1006,2020-11-19,3559.41,3585.22,3543.84,3581.87,0,0.0,21030
1007,2020-11-20,3579.31,3581.23,3556.85,3557.54,0,0.0,20351
1008,2020-11-23,3566.82,3589.81,3552.77,3577.59,0,0.0,21108
1009,2020-11-24,3594.52,3642.31,3594.52,3635.41,0,0.0,21204
1010,2020-11-25,3635.5,3635.5,3617.76,3629.65,0,0.0,20712
1011,2020-11-27,3638.55,3644.31,3629.33,3638.35,0,0.0,11264
1012,2020-11-30,3634.18,3634.18,3594.39,3621.63,0,0.0,21234
1013,2020-12-01,3645.87,3678.45,3645.87,3662.45,0,0.0,21273
1014,2020-12-02,3653.78,3670.96,3644.84,3669.01,0,0.0,20886
1015,2020-12-03,3668.28,3682.73,3657.17,3666.72,0,0.0,20689
1016,2020-12-04,3670.94,3699.2,3670.94,3699.12,0,0.0,20391
1017,2020-12-07,3694.73,3697.41,3678.88,3691.96,0,0.0,20401
1018,2020-12-08,3683.05,3708.45,3678.83,3702.25,0,0.0,20526
1019,2020-12-09,3705.98,3712.39,3660.54,3672.82,0,0.0,21615
1020,2020-12-10,3659.13,3678.49,3645.18,3668.1,0,0.0,21155
1021,2020-12-11,3656.08,3665.91,3633.4,3663.46,0,0.0,21050
1022,2020-12-14,3675.27,3697.61,3645.84,3647.49,0,0.0,21111
1023,2020-12-15,3666.41,3695.29,3659.62,3694.62,0,0.0,20982
1024,2020-12-16,3696.25,3711.27,3688.57,3701.17,0,0.0,20839
1025,2020-12-17,3713.65,3725.12,3710.87,3722.48,0,0.0,20380
1026,2020-12-18,3722.39,3726.7,3685.84,3709.41,0,0.0,20774
1027,2020-12-21,3684.28,3702.9,3636.48,3694.92,0,0.0,21449
1028,2020-12-22,3698.08,3698.26,3676.16,3687.26,0,0.0,21388
1029,2020-12-23,3693.42,3711.24,3689.28,3690.01,0,0.0,20469
1030,2020-12-24,3694.03,3703.82,3689.32,3703.06,0,0.0,11308
1031,2020-12-28,3723.03,3740.51,3723.03,3735.36,0,0.0,20817
1032,2020-12-29,3750.01,3756.12,3723.31,3727.04,0,0.0,21084
1033,2020-12-30,3736.19,3744.63,3730.21,3732.04,0,0.0,20553
1034,2020-12-31,3733.27,3760.2,3726.88,3756.07,0,0.0,20639
1035,2021-01-04,3764.61,3769.99,3662.71,3700.65,0,0.0,22007
1036,2021-01-05,3698.02,3737.83,3695.07,3726.86,0,0.0,21248
1037,2021-01-06,3712.2,3783.04,3705.34,3748.14,0,0.0,21840
1038,2021-01-07,3764.71,3811.55,3764.71,3803.79,0,0.0,21170
1039,2021-01-08,3815.05,3826.69,3783.6,3824.68,0,0.0,21768
1040,2021-01-11,3803.14,3817.86,3789.02,3799.61,0,0.0,21473
1041,2021-01-12,3801.62,3810.78,3776.51,3801.19,0,0.0,21475
1042,2021-01-13,3802.23,3820.96,3791.5,3809.84,0,0.0,21073
1043,2021-01-14,3814.98,3823.6,3792.86,3795.54,0,0.0,21181
1044,2021-01-15,3788.73,3788.73,3749.62,3768.25,0,0.0,21611
1045,2021-01-19,3781.88,3804.53,3780.37,3798.91,0,0.0,21114
1046,2021-01-20,3816.22,3859.75,3816.22,3851.85,0,0.0,21104
1047,2021-01-21,3857.46,3861.45,3845.05,3853.07,0,0.0,21047
1048,2021-01-22,3844.24,3852.31,3830.41,3841.47,0,0.0,21143
1049,2021-01-25,3851.68,3859.23,3797.16,3855.36,0,0.0,22095
1050,2021-01-26,3862.96,3870.9,3847.78,3849.62,0,0.0,21413
1051,2021-01-27,3836.83,3836.83,3732.48,3750.77,0,0.0,22410
1052,2021-01-28,3755.75,3830.5,3755.75,3787.38,0,0.0,22281
1053,2021-01-29,3778.05,3778.05,3694.12,3714.24,0,0.0,22426
1054,2021-02-01,3731.17,3784.32,3725.62,3773.86,0,0.0,21866
1055,2021-02-02,3791.84,3843.09,3791.84,3826.31,0,0.0,21237
1056,2021-02-03,3840.27,3847.51,3816.68,3830.17,0,0.0,21476
1057,2021-02-04,3836.66,3872.42,3836.66,3871.74,0,0.0,20912
1058,2021-02-05,3878.3,3894.56,3874.93,3886.83,0,0.0,20993
1059,2021-02-08,3892.59,3915.59,3892.59,3915.59,0,0.0,20838
1060,2021-02-09,3910.49,3918.35,3902.64,3911.23,0,0.0,20638
1061,2021-02-10,3920.78,3931.5,3884.94,3909.88,0,0.0,21352
1062,2021-02-11,3916.4,3925.99,3890.39,3916.38,0,0.0,21167
1063,2021-02-12,3911.65,3937.23,3905.78,3934.83,0,0.0,20676
1064,2021-02-16,3939.61,3950.43,3923.85,3932.59,0,0.0,21178
1065,2021-02-17,3918.5,3933.61,3900.43,3931.33,0,0.0,21332
1066,2021-02-18,3915.86,3921.98,3885.03,3913.97,0,0.0,21201
1067,2021-02-19,3921.16,3930.41,3903.07,3906.71,0,0.0,21261
1068,2021-02-22,3885.55,3902.92,3874.71,3876.5,0,0.0,21438
1069,2021-02-23,3857.07,3895.98,3805.59,3881.37,0,0.0,22276
1070,2021-02-24,3873.71,3928.65,3859.6,3925.43,0,0.0,21825
1071,2021-02-25,3915.8,3925.02,3814.04,3829.34,0,0.0,22496
1072,2021-02-26,3839.66,3861.08,3789.54,3811.15,0,0.0,22458
1073,2021-03-01,3842.51,3914.5,3842.51,3901.82,0,0.0,21543
1074,2021-03-02,3903.64,3906.41,3868.57,3870.29,0,0.0,21667
1075,2021-03-03,3863.99,3874.47,3818.86,3819.72,0,0.0,22176
1076,2021-03-04,3818.53,3843.67,3723.34,3768.47,0,0.0,22726
1077,2021-03-05,3793.58,3851.69,3730.19,3841.94,0,0.0,22688
1078,2021-03-08,3844.39,3881.06,3819.25,3821.35,0,0.0,22310
1079,2021-03-09,3851.93,3903.76,3851.93,3875.44,0,0.0,21856
1080,2021-03-10,3891.99,3917.35,3885.73,3898.81,0,0.0,22112
1081,2021-03-11,3915.54,3960.27,3915.54,3939.34,0,0.0,21423
1082,2021-03-12,3924.52,3944.99,3915.21,3943.34,0,0.0,21362
1083,2021-03-15,3942.96,3970.08,3923.54,3968.94,0,0.0,21151
1084,2021-03-16,3973.59,3981.04,3953.44,3962.71,0,0.0,21541
1085,2021-03-17,3949.57,3983.87,3935.74,3974.12,0,0.0,21750
1086,2021-03-18,3953.5,3969.62,3910.86,3915.46,0,0.0,21791
1087,2021-03-19,3913.14,3930.12,3886.75,3913.1,0,0.0,21781
1088,2021-03-22,3916.48,3955.31,3914.16,3940.59,0,0.0,21297
1089,2021-03-23,3937.6,3949.13,3901.57,3910.52,0,0.0,21719
1090,2021-03-24,3919.93,3942.08,3889.09,3889.14,0,0.0,21765
1091,2021-03-25,3879.34,3919.54,3853.5,3909.52,0,0.0,22119
1092,2021-03-26,3917.12,3978.19,3917.12,3974.54,0,0.0,21824
1093,2021-03-29,3969.31,3981.83,3943.25,3971.09,0,0.0,21692
1094,2021-03-30,3963.34,3968.01,3944.35,3958.55,0,0.0,21341
1095,2021-03-31,3967.25,3994.41,3966.98,3972.89,0,0.0,21132
1096,2021-04-01,3992.78,4020.63,3992.78,4019.87,0,0.0,20850
1097,2021-04-05,4034.44,4083.42,4034.44,4077.91,0,0.0,21046
1098,2021-04-06,4075.57,4086.23,4068.14,4073.94,0,0.0,21006
1099,2021-04-07,4074.29,4083.13,4068.31,4079.95,0,0.0,20909
1100,2021-04-08,4089.95,4098.19,4082.54,4097.17,0,0.0,20491
1101,2021-04-09,4096.11,4129.48,4095.51,4128.8,0,0.0,20555
1102,2021-04-12,4124.71,4131.76,4114.82,4127.99,0,0.0,20903
1103,2021-04-13,4130.1,4148.0,4124.43,4141.59,0,0.0,20723
1104,2021-04-14,4141.58,4151.69,4120.87,4124.66,0,0.0,21250
1105,2021-04-15,4139.76,4173.49,4139.76,4170.42,0,0.0,21021
1106,2021-04-16,4174.14,4191.31,4170.75,4185.47,0,0.0,20571
1107,2021-04-19,4179.8,4180.81,4150.47,4163.26,0,0.0,21345
1108,2021-04-20,4159.18,4159.18,4118.38,4134.94,0,0.0,21426
1109,2021-04-21,4128.42,4175.02,4126.35,4173.42,0,0.0,20806
1110,2021-04-22,4170.46,4179.57,4123.69,4134.98,0,0.0,21436
1111,2021-04-23,4138.78,4194.17,4138.78,4180.17,0,0.0,20637
1112,2021-04-26,4185.03,4194.19,4182.36,4187.62,0,0.0,20547
1113,2021-04-27,4188.25,4193.35,4176.22,4186.72,0,0.0,20614
1114,2021-04-28,4185.14,4201.53,4181.78,4183.18,0,0.0,21139
1115,2021-04-29,4206.14,4218.78,4176.81,4211.47,0,0.0,21485
1116,2021-04-30,4198.1,4198.1,4174.85,4181.17,0,0.0,21372
1117,2021-05-03,4191.98,4209.39,4188.03,4192.66,0,0.0,21134
1118,2021-05-04,4179.04,4179.04,4128.59,4164.66,0,0.0,21670
1119,2021-05-05,4177.06,4187.72,4160.94,4167.59,0,0.0,21108
1120,2021-05-06,4169.14,4202.7,4147.33,4201.62,0,0.0,21388
1121,2021-05-07,4210.34,4238.04,4201.64,4232.6,0,0.0,21064
1122,2021-05-10,4228.29,4236.39,4188.13,4188.43,0,0.0,21409
1123,2021-05-11,4150.34,4162.04,4111.53,4152.1,0,0.0,21912
1124,2021-05-12,4130.55,4134.73,4056.88,4063.04,0,0.0,22002
1125,2021-05-13,4074.99,4131.58,4074.99,4112.5,0,0.0,22012
1126,2021-05-14,4129.58,4183.13,4129.58,4173.85,0,0.0,20767
1127,2021-05-17,4169.92,4171.92,4142.69,4163.29,0,0.0,21412
1128,2021-05-18,4165.94,4169.15,4125.99,4127.83,0,0.0,20938
1129,2021-05-19,4098.45,4116.93,4061.41,4115.68,0,0.0,21941
1130,2021-05-20,4121.97,4172.8,4121.97,4159.12,0,0.0,20984
1131,2021-05-21,4168.61,4188.72,4151.72,4155.86,0,0.0,20898
1132,2021-05-24,4170.16,4209.52,4170.16,4197.05,0,0.0,20157
1133,2021-05-25,4205.94,4213.42,4182.52,4188.13,0,0.0,20826
1134,2021-05-26,4191.59,4202.61,4184.11,4195.99,0,0.0,20134
1135,2021-05-27,4201.94,4213.38,4197.78,4200.88,0,0.0,20239
1136,2021-05-28,4210.77,4218.36,4203.57,4204.11,0,0.0,20082
1137,2021-06-01,4216.52,4234.12,4197.59,4202.04,0,0.0,20361
1138,2021-06-02,4206.82,4217.37,4198.27,4208.12,0,0.0,20451
1139,2021-06-03,4191.43,4204.39,4167.93,4192.85,0,0.0,20840
1140,2021-06-04,4206.05,4233.45,4206.05,4229.89,0,0.0,19820
1141,2021-06-07,4229.34,4232.34,4215.66,4226.52,0,0.0,20504
1142,2021-06-08,4233.81,4236.74,4208.41,4227.26,0,0.0,20447
1143,2021-06-09,4232.99,4237.09,4218.74,4219.55,0,0.0,20067
1144,2021-06-10,4228.56,4249.74,4220.34,4239.18,0,0.0,20500
1145,2021-06-11,4242.9,4248.38,4232.25,4247.44,0,0.0,19625
1146,2021-06-14,4248.31,4255.15,4234.07,4255.15,0,0.0,20129
1147,2021-06-15,4255.28,4257.16,4238.35,4246.59,0,0.0,20093
1148,2021-06-16,4248.87,4251.89,4202.45,4223.7,0,0.0,21062
1149,2021-06-17,4220.37,4232.29,4196.05,4221.86,0,0.0,21436
1150,2021-06-18,4204.78,4204.78,4164.4,4166.45,0,0.0,21340
1151,2021-06-21,4173.4,4226.24,4173.4,4224.79,0,0.0,20867
1152,2021-06-22,4224.61,4255.84,4217.27,4246.44,0,0.0,20430
1153,2021-06-23,4249.27,4256.6,4241.43,4241.84,0,0.0,20116
1154,2021-06-24,4256.97,4271.28,4256.97,4266.49,0,0.0,20506
1155,2021-06-25,4274.45,4286.12,4271.16,4280.7,0,0.0,19819
1156,2021-06-28,4284.9,4292.14,4274.67,4290.61,0,0.0,20293
1157,2021-06-29,4293.21,4300.52,4287.04,4291.8,0,0.0,20072
1158,2021-06-30,4290.65,4302.43,4287.96,4297.5,0,0.0,19914
1159,2021-07-01,4300.73,4320.66,4300.73,4319.94,0,0.0,20042
1160,2021-07-02,4326.6,4355.43,4326.6,4352.34,0,0.0,19987
1161,2021-07-06,4356.46,4356.46,4314.37,4343.54,0,0.0,20951
1162,2021-07-07,4351.01,4361.88,4329.79,4358.13,0,0.0,21059
1163,2021-07-08,4321.07,4330.88,4289.37,4320.82,0,0.0,21495
1164,2021-07-09,4329.38,4371.6,4329.38,4369.55,0,0.0,20225
1165,2021-07-12,4372.41,4386.68,4364.03,4384.63,0,0.0,20232
1166,2021-07-13,4381.07,4392.37,4366.92,4369.21,0,0.0,20952
1167,2021-07-14,4380.11,4393.68,4362.36,4374.3,0,0.0,21109
1168,2021-07-15,4369.02,4369.02,4340.7,4360.03,0,0.0,21342
1169,2021-07-16,4367.43,4375.09,4322.53,4327.16,0,0.0,21122
1170,2021-07-19,4296.4,4296.4,4233.13,4258.49,0,0.0,22062
1171,2021-07-20,4265.11,4336.84,4262.05,4323.06,0,0.0,21225
1172,2021-07-21,4331.13,4359.7,4331.13,4358.69,0,0.0,20676
1173,2021-07-22,4361.27,4369.87,4350.06,4367.48,0,0.0,20725
1174,2021-07-23,4381.2,4415.18,4381.2,4411.79,0,0.0,20518
1175,2021-07-26,4409.58,4422.73,4405.45,4422.3,0,0.0,20477
1176,2021-07-27,4416.38,4416.38,4372.51,4401.46,0,0.0,21667
1177,2021-07-28,4402.95,4415.47,4387.01,4400.64,0,0.0,21600
1178,2021-07-29,4403.59,4429.97,4403.59,4419.15,0,0.0,20712
1179,2021-07-30,4395.12,4412.25,4389.65,4395.26,0,0.0,21017
1180,2021-08-02,4406.86,4422.18,4384.81,4387.16,0,0.0,21112
1181,2021-08-03,4392.74,4423.79,4373.0,4423.15,0,0.0,21173
1182,2021-08-04,4415.95,4416.17,4400.23,4402.66,0,0.0,21057
1183,2021-08-05,4408.86,4429.76,4408.86,4429.1,0,0.0,20214
1184,2021-08-06,4429.07,4440.82,4429.07,4436.52,0,0.0,20072
1185,2021-08-09,4437.77,4439.39,4424.74,4432.35,0,0.0,20003
1186,2021-08-10,4435.79,4445.21,4430.03,4436.75,0,0.0,20471
1187,2021-08-11,4442.18,4449.44,4436.42,4447.7,0,0.0,20520
1188,2021-08-12,4446.08,4461.77,4435.96,4460.83,0,0.0,19984
1189,2021-08-13,4464.84,4468.37,4460.82,4468.0,0,0.0,19555
1190,2021-08-16,4461.65,4480.26,4437.66,4479.71,0,0.0,20747
1191,2021-08-17,4462.12,4462.12,4417.83,4448.08,0,0.0,21525
1192,2021-08-18,4440.94,4454.32,4397.59,4400.27,0,0.0,21152
1193,2021-08-19,4382.44,4418.61,4367.73,4405.8,0,0.0,21772
1194,2021-08-20,4410.56,4444.35,4406.8,4441.67,0,0.0,20904
1195,2021-08-23,4450.29,4489.88,4450.29,4479.53,0,0.0,20238
1196,2021-08-24,4484.4,4492.81,4482.28,4486.23,0,0.0,19892
1197,2021-08-25,4490.45,4501.71,4485.66,4496.19,0,0.0,20107
1198,2021-08-26,4493.75,4495.9,4468.99,4470.0,0,0.0,20518
1199,2021-08-27,4474.1,4513.33,4474.1,4509.37,0,0.0,20003
1200,2021-08-30,4513.76,4537.36,4513.76,4528.79,0,0.0,20342
1201,2021-08-31,4529.75,4531.39,4515.8,4522.68,0,0.0,20643
1202,2021-09-01,4528.8,4537.11,4522.02,4524.09,0,0.0,20616
1203,2021-09-02,4534.48,4545.85,4524.66,4536.95,0,0.0,20669
1204,2021-09-03,4532.42,4541.45,4521.3,4535.43,0,0.0,20039
1205,2021-09-07,4535.38,4535.38,4513.0,4520.03,0,0.0,20507
1206,2021-09-08,4518.09,4521.79,4493.95,4514.07,0,0.0,21014
1207,2021-09-09,4513.02,4529.9,4492.07,4493.28,0,0.0,20916
1208,2021-09-10,4506.92,4520.47,4457.66,4458.58,0,0.0,21217
1209,2021-09-13,4474.81,4492.99,4445.7,4468.73,0,0.0,21508
1210,2021-09-14,4479.33,4485.68,4435.46,4443.05,0,0.0,21221
1211,2021-09-15,4447.49,4486.87,4438.37,4480.7,0,0.0,21019
1212,2021-09-16,4477.09,4485.87,4443.8,4473.75,0,0.0,20624
1213,2021-09-17,4469.74,4471.52,4427.76,4432.99,0,0.0,21250
1214,2021-09-20,4402.95,4402.95,4305.91,4357.73,0,0.0,21917
1215,2021-09-21,4374.45,4394.87,4347.96,4354.19,0,0.0,21522
1216,2021-09-22,4367.43,4416.75,4367.43,4395.64,0,0.0,21299
1217,2021-09-23,4406.75,4465.4,4406.75,4448.98,0,0.0,20652
1218,2021-09-24,4438.04,4463.12,4430.27,4455.48,0,0.0,20468
1219,2021-09-27,4442.12,4457.3,4436.19,4443.11,0,0.0,20991
1220,2021-09-28,4419.54,4419.54,4346.33,4352.63,0,0.0,21944
1221,2021-09-29,4362.41,4385.57,4355.08,4359.46,0,0.0,21469
1222,2021-09-30,4370.67,4382.55,4306.53,4307.54,0,0.0,21719
1223,2021-10-01,4317.16,4375.19,4288.52,4357.04,0,0.0,21562
1224,2021-10-04,4348.84,4355.51,4278.94,4300.46,0,0.0,22022
1225,2021-10-05,4309.87,4369.23,4309.87,4345.72,0,0.0,21296
1226,2021-10-06,4319.57,4365.57,4290.49,4363.55,0,0.0,21675
1227,2021-10-07,4383.73,4429.97,4383.73,4399.76,0,0.0,20734
1228,2021-10-08,4406.51,4412.02,4386.22,4391.34,0,0.0,20700
1229,2021-10-11,4385.44,4415.88,4360.59,4361.19,0,0.0,20761
1230,2021-10-12,4368.31,4374.89,4342.09,4350.65,0,0.0,21102
1231,2021-10-13,4358.01,4372.87,4329.92,4363.8,0,0.0,21035
1232,2021-10-14,4386.75,4439.73,4386.75,4438.26,0,0.0,20339
1233,2021-10-15,4447.69,4475.82,4447.69,4471.37,0,0.0,20406
1234,2021-10-18,4463.72,4488.75,4447.47,4486.46,0,0.0,20472
1235,2021-10-19,4497.34,4520.4,4496.41,4519.63,0,0.0,20205
1236,2021-10-20,4524.42,4540.87,4524.4,4536.19,0,0.0,20580
1237,2021-10-21,4532.24,4551.44,4526.89,4549.78,0,0.0,20327
1238,2021-10-22,4546.12,4559.67,4524.0,4544.9,0,0.0,21020
1239,2021-10-25,4553.69,4572.62,4537.36,4566.48,0,0.0,21039
1240,2021-10-26,4578.69,4598.53,4569.17,4574.79,0,0.0,21693
1241,2021-10-27,4580.22,4584.57,4551.68,4551.68,0,0.0,21596
1242,2021-10-28,4562.84,4597.55,4562.84,4596.42,0,0.0,21406
1243,2021-10-29,4572.87,4608.08,4567.59,4605.38,0,0.0,21283
1244,2021-11-01,4610.62,4620.34,4595.06,4613.67,0,0.0,21264
1245,2021-11-02,4613.34,4635.15,4613.34,4630.65,0,0.0,21344
1246,2021-11-03,4630.65,4663.46,4621.19,4660.57,0,0.0,21351
1247,2021-11-04,4662.93,4683.0,4662.59,4680.06,0,0.0,21681
1248,2021-11-05,4699.26,4718.5,4681.32,4697.53,0,0.0,21659
1249,2021-11-08,4701.48,4714.92,4694.39,4701.7,0,0.0,21235
1250,2021-11-09,4707.25,4708.53,4670.87,4685.25,0,0.0,21936
1251,2021-11-10,4670.26,4684.85,4630.86,4646.71,0,0.0,21873
1252,2021-11-11,4659.39,4664.55,4648.31,4649.27,0,0.0,20979
1253,2021-11-12,4655.24,4688.47,4650.77,4682.85,0,0.0,20942
1254,2021-11-15,4689.3,4697.42,4672.86,4682.8,0,0.0,21122
1255,2021-11-16,4679.42,4714.95,4679.42,4700.9,0,0.0,21021
1256,2021-11-17,4701.5,4701.5,4684.41,4689.12,0,0.0,21522
